arquivo,escopo,nome,h1,h2,N1,N2,vocabulary,length,calculated_length,volume,difficulty,effort,time,bugs
build/lib/datachain/checkpoint.py,arquivo,,0,0,0,0,0,0,0,0,0,0,0,0
build/lib/datachain/error.py,arquivo,,0,0,0,0,0,0,0,0,0,0,0,0
build/lib/datachain/nodes_fetcher.py,arquivo,,0,0,0,0,0,0,0,0,0,0,0,0
build/lib/datachain/plugins.py,arquivo,,0,0,0,0,0,0,0,0,0,0,0,0
build/lib/datachain/telemetry.py,arquivo,,0,0,0,0,0,0,0,0,0,0,0,0
build/lib/datachain/__init__.py,arquivo,,0,0,0,0,0,0,0,0,0,0,0,0
build/lib/datachain/catalog/__init__.py,arquivo,,0,0,0,0,0,0,0,0,0,0,0,0
build/lib/datachain/cli/commands/du.py,arquivo,,0,0,0,0,0,0,0,0,0,0,0,0
build/lib/datachain/cli/commands/index.py,arquivo,,0,0,0,0,0,0,0,0,0,0,0,0
build/lib/datachain/cli/commands/misc.py,arquivo,,0,0,0,0,0,0,0,0,0,0,0,0
build/lib/datachain/cli/commands/__init__.py,arquivo,,0,0,0,0,0,0,0,0,0,0,0,0
build/lib/datachain/cli/parser/pipeline.py,arquivo,,0,0,0,0,0,0,0,0,0,0,0,0
build/lib/datachain/cli/parser/skill.py,arquivo,,0,0,0,0,0,0,0,0,0,0,0,0
build/lib/datachain/cli/parser/studio.py,arquivo,,0,0,0,0,0,0,0,0,0,0,0,0
build/lib/datachain/cli/parser/__init__.py,arquivo,,0,0,0,0,0,0,0,0,0,0,0,0
build/lib/datachain/client/__init__.py,arquivo,,0,0,0,0,0,0,0,0,0,0,0,0
build/lib/datachain/data_storage/job.py,arquivo,,0,0,0,0,0,0,0,0,0,0,0,0
build/lib/datachain/data_storage/__init__.py,arquivo,,0,0,0,0,0,0,0,0,0,0,0,0
build/lib/datachain/fs/__init__.py,arquivo,,0,0,0,0,0,0,0,0,0,0,0,0
build/lib/datachain/func/base.py,arquivo,,0,0,0,0,0,0,0,0,0,0,0,0
build/lib/datachain/func/path.py,arquivo,,0,0,0,0,0,0,0,0,0,0,0,0
build/lib/datachain/func/random.py,arquivo,,0,0,0,0,0,0,0,0,0,0,0,0
build/lib/datachain/func/__init__.py,arquivo,,0,0,0,0,0,0,0,0,0,0,0,0
build/lib/datachain/lib/tar.py,arquivo,,0,0,0,0,0,0,0,0,0,0,0,0
build/lib/datachain/lib/__init__.py,arquivo,,0,0,0,0,0,0,0,0,0,0,0,0
build/lib/datachain/lib/convert/__init__.py,arquivo,,0,0,0,0,0,0,0,0,0,0,0,0
build/lib/datachain/lib/dc/parquet.py,arquivo,,0,0,0,0,0,0,0,0,0,0,0,0
build/lib/datachain/lib/dc/values.py,arquivo,,0,0,0,0,0,0,0,0,0,0,0,0
build/lib/datachain/lib/dc/__init__.py,arquivo,,0,0,0,0,0,0,0,0,0,0,0,0
build/lib/datachain/model/__init__.py,arquivo,,0,0,0,0,0,0,0,0,0,0,0,0
build/lib/datachain/model/ultralytics/__init__.py,arquivo,,0,0,0,0,0,0,0,0,0,0,0,0
build/lib/datachain/query/queue.py,arquivo,,0,0,0,0,0,0,0,0,0,0,0,0
build/lib/datachain/query/__init__.py,arquivo,,0,0,0,0,0,0,0,0,0,0,0,0
build/lib/datachain/remote/__init__.py,arquivo,,0,0,0,0,0,0,0,0,0,0,0,0
build/lib/datachain/skill/__init__.py,arquivo,,0,0,0,0,0,0,0,0,0,0,0,0
build/lib/datachain/skill/jobs/__init__.py,arquivo,,0,0,0,0,0,0,0,0,0,0,0,0
build/lib/datachain/skill/jobs/scripts/__init__.py,arquivo,,0,0,0,0,0,0,0,0,0,0,0,0
build/lib/datachain/skill/knowledge/__init__.py,arquivo,,0,0,0,0,0,0,0,0,0,0,0,0
build/lib/datachain/skill/knowledge/scripts/__init__.py,arquivo,,0,0,0,0,0,0,0,0,0,0,0,0
build/lib/datachain/sql/postgresql_dialect.py,arquivo,,0,0,0,0,0,0,0,0,0,0,0,0
build/lib/datachain/sql/postgresql_types.py,arquivo,,0,0,0,0,0,0,0,0,0,0,0,0
build/lib/datachain/sql/__init__.py,arquivo,,0,0,0,0,0,0,0,0,0,0,0,0
build/lib/datachain/sql/default/base.py,arquivo,,0,0,0,0,0,0,0,0,0,0,0,0
build/lib/datachain/sql/default/__init__.py,arquivo,,0,0,0,0,0,0,0,0,0,0,0,0
build/lib/datachain/sql/functions/aggregate.py,arquivo,,0,0,0,0,0,0,0,0,0,0,0,0
build/lib/datachain/sql/functions/array.py,arquivo,,0,0,0,0,0,0,0,0,0,0,0,0
build/lib/datachain/sql/functions/conditional.py,arquivo,,0,0,0,0,0,0,0,0,0,0,0,0
build/lib/datachain/sql/functions/numeric.py,arquivo,,0,0,0,0,0,0,0,0,0,0,0,0
build/lib/datachain/sql/functions/path.py,arquivo,,0,0,0,0,0,0,0,0,0,0,0,0
build/lib/datachain/sql/functions/random.py,arquivo,,0,0,0,0,0,0,0,0,0,0,0,0
build/lib/datachain/sql/functions/string.py,arquivo,,0,0,0,0,0,0,0,0,0,0,0,0
build/lib/datachain/sql/functions/__init__.py,arquivo,,0,0,0,0,0,0,0,0,0,0,0,0
build/lib/datachain/sql/sqlite/__init__.py,arquivo,,0,0,0,0,0,0,0,0,0,0,0,0
build/lib/datachain/toolkit/__init__.py,arquivo,,0,0,0,0,0,0,0,0,0,0,0,0
build/lib/datachain/torch/__init__.py,arquivo,,0,0,0,0,0,0,0,0,0,0,0,0
examples/computer_vision/ultralytics-bbox.py,arquivo,,0,0,0,0,0,0,0,0,0,0,0,0
examples/computer_vision/ultralytics-pose.py,arquivo,,0,0,0,0,0,0,0,0,0,0,0,0
examples/computer_vision/ultralytics-segment.py,arquivo,,0,0,0,0,0,0,0,0,0,0,0,0
examples/get_started/common_sql_functions.py,arquivo,,0,0,0,0,0,0,0,0,0,0,0,0
examples/multimodal/wds.py,arquivo,,0,0,0,0,0,0,0,0,0,0,0,0
src/datachain/checkpoint.py,arquivo,,0,0,0,0,0,0,0,0,0,0,0,0
src/datachain/error.py,arquivo,,0,0,0,0,0,0,0,0,0,0,0,0
src/datachain/nodes_fetcher.py,arquivo,,0,0,0,0,0,0,0,0,0,0,0,0
src/datachain/plugins.py,arquivo,,0,0,0,0,0,0,0,0,0,0,0,0
src/datachain/telemetry.py,arquivo,,0,0,0,0,0,0,0,0,0,0,0,0
src/datachain/__init__.py,arquivo,,0,0,0,0,0,0,0,0,0,0,0,0
src/datachain/catalog/__init__.py,arquivo,,0,0,0,0,0,0,0,0,0,0,0,0
src/datachain/cli/commands/du.py,arquivo,,0,0,0,0,0,0,0,0,0,0,0,0
src/datachain/cli/commands/index.py,arquivo,,0,0,0,0,0,0,0,0,0,0,0,0
src/datachain/cli/commands/misc.py,arquivo,,0,0,0,0,0,0,0,0,0,0,0,0
src/datachain/cli/commands/__init__.py,arquivo,,0,0,0,0,0,0,0,0,0,0,0,0
src/datachain/cli/parser/pipeline.py,arquivo,,0,0,0,0,0,0,0,0,0,0,0,0
src/datachain/cli/parser/skill.py,arquivo,,0,0,0,0,0,0,0,0,0,0,0,0
src/datachain/cli/parser/studio.py,arquivo,,0,0,0,0,0,0,0,0,0,0,0,0
src/datachain/cli/parser/__init__.py,arquivo,,0,0,0,0,0,0,0,0,0,0,0,0
src/datachain/client/__init__.py,arquivo,,0,0,0,0,0,0,0,0,0,0,0,0
src/datachain/data_storage/job.py,arquivo,,0,0,0,0,0,0,0,0,0,0,0,0
src/datachain/data_storage/__init__.py,arquivo,,0,0,0,0,0,0,0,0,0,0,0,0
src/datachain/fs/__init__.py,arquivo,,0,0,0,0,0,0,0,0,0,0,0,0
src/datachain/func/base.py,arquivo,,0,0,0,0,0,0,0,0,0,0,0,0
src/datachain/func/path.py,arquivo,,0,0,0,0,0,0,0,0,0,0,0,0
src/datachain/func/random.py,arquivo,,0,0,0,0,0,0,0,0,0,0,0,0
src/datachain/func/__init__.py,arquivo,,0,0,0,0,0,0,0,0,0,0,0,0
src/datachain/lib/tar.py,arquivo,,0,0,0,0,0,0,0,0,0,0,0,0
src/datachain/lib/__init__.py,arquivo,,0,0,0,0,0,0,0,0,0,0,0,0
src/datachain/lib/convert/__init__.py,arquivo,,0,0,0,0,0,0,0,0,0,0,0,0
src/datachain/lib/dc/parquet.py,arquivo,,0,0,0,0,0,0,0,0,0,0,0,0
src/datachain/lib/dc/values.py,arquivo,,0,0,0,0,0,0,0,0,0,0,0,0
src/datachain/lib/dc/__init__.py,arquivo,,0,0,0,0,0,0,0,0,0,0,0,0
src/datachain/model/__init__.py,arquivo,,0,0,0,0,0,0,0,0,0,0,0,0
src/datachain/model/ultralytics/__init__.py,arquivo,,0,0,0,0,0,0,0,0,0,0,0,0
src/datachain/query/queue.py,arquivo,,0,0,0,0,0,0,0,0,0,0,0,0
src/datachain/query/__init__.py,arquivo,,0,0,0,0,0,0,0,0,0,0,0,0
src/datachain/remote/__init__.py,arquivo,,0,0,0,0,0,0,0,0,0,0,0,0
src/datachain/skill/__init__.py,arquivo,,0,0,0,0,0,0,0,0,0,0,0,0
src/datachain/skill/jobs/__init__.py,arquivo,,0,0,0,0,0,0,0,0,0,0,0,0
src/datachain/skill/jobs/scripts/__init__.py,arquivo,,0,0,0,0,0,0,0,0,0,0,0,0
src/datachain/skill/knowledge/__init__.py,arquivo,,0,0,0,0,0,0,0,0,0,0,0,0
src/datachain/skill/knowledge/scripts/__init__.py,arquivo,,0,0,0,0,0,0,0,0,0,0,0,0
src/datachain/sql/postgresql_dialect.py,arquivo,,0,0,0,0,0,0,0,0,0,0,0,0
src/datachain/sql/postgresql_types.py,arquivo,,0,0,0,0,0,0,0,0,0,0,0,0
src/datachain/sql/__init__.py,arquivo,,0,0,0,0,0,0,0,0,0,0,0,0
src/datachain/sql/default/base.py,arquivo,,0,0,0,0,0,0,0,0,0,0,0,0
src/datachain/sql/default/__init__.py,arquivo,,0,0,0,0,0,0,0,0,0,0,0,0
src/datachain/sql/functions/aggregate.py,arquivo,,0,0,0,0,0,0,0,0,0,0,0,0
src/datachain/sql/functions/array.py,arquivo,,0,0,0,0,0,0,0,0,0,0,0,0
src/datachain/sql/functions/conditional.py,arquivo,,0,0,0,0,0,0,0,0,0,0,0,0
src/datachain/sql/functions/numeric.py,arquivo,,0,0,0,0,0,0,0,0,0,0,0,0
src/datachain/sql/functions/path.py,arquivo,,0,0,0,0,0,0,0,0,0,0,0,0
src/datachain/sql/functions/random.py,arquivo,,0,0,0,0,0,0,0,0,0,0,0,0
src/datachain/sql/functions/string.py,arquivo,,0,0,0,0,0,0,0,0,0,0,0,0
src/datachain/sql/functions/__init__.py,arquivo,,0,0,0,0,0,0,0,0,0,0,0,0
src/datachain/sql/sqlite/__init__.py,arquivo,,0,0,0,0,0,0,0,0,0,0,0,0
src/datachain/toolkit/__init__.py,arquivo,,0,0,0,0,0,0,0,0,0,0,0,0
src/datachain/torch/__init__.py,arquivo,,0,0,0,0,0,0,0,0,0,0,0,0
tests/data.py,arquivo,,0,0,0,0,0,0,0,0,0,0,0,0
tests/__init__.py,arquivo,,0,0,0,0,0,0,0,0,0,0,0,0
tests/benchmarks/test_version.py,arquivo,,0,0,0,0,0,0,0,0,0,0,0,0
tests/benchmarks/__init__.py,arquivo,,0,0,0,0,0,0,0,0,0,0,0,0
tests/examples/wds_data.py,arquivo,,0,0,0,0,0,0,0,0,0,0,0,0
tests/examples/__init__.py,arquivo,,0,0,0,0,0,0,0,0,0,0,0,0
tests/func/__init__.py,arquivo,,0,0,0,0,0,0,0,0,0,0,0,0
tests/func/checkpoints/__init__.py,arquivo,,0,0,0,0,0,0,0,0,0,0,0,0
tests/func/functions/__init__.py,arquivo,,0,0,0,0,0,0,0,0,0,0,0,0
tests/func/model/__init__.py,arquivo,,0,0,0,0,0,0,0,0,0,0,0,0
tests/scripts/feature_class.py,arquivo,,0,0,0,0,0,0,0,0,0,0,0,0
tests/scripts/feature_class_exception.py,arquivo,,0,0,0,0,0,0,0,0,0,0,0,0
tests/unit/test_module_exports.py,arquivo,,0,0,0,0,0,0,0,0,0,0,0,0
tests/unit/__init__.py,arquivo,,0,0,0,0,0,0,0,0,0,0,0,0
tests/unit/lib/__init__.py,arquivo,,0,0,0,0,0,0,0,0,0,0,0,0
tests/unit/model/test_utils.py,arquivo,,0,0,0,0,0,0,0,0,0,0,0,0
tests/unit/model/__init__.py,arquivo,,0,0,0,0,0,0,0,0,0,0,0,0
tests/unit/sql/test_random.py,arquivo,,0,0,0,0,0,0,0,0,0,0,0,0
tests/unit/sql/__init__.py,arquivo,,0,0,0,0,0,0,0,0,0,0,0,0
tests/unit/sql/sqlite/__init__.py,arquivo,,0,0,0,0,0,0,0,0,0,0,0,0
build/lib/datachain/lib/dc/pandas.py,arquivo,,1,1,1,1,2,2,0,2.0,0.5,1.0,0.0556,0.0007
examples/llm_and_nlp/claude-query.py,arquivo,,1,1,1,1,2,2,0,2.0,0.5,1.0,0.0556,0.0007
src/datachain/lib/dc/pandas.py,arquivo,,1,1,1,1,2,2,0,2.0,0.5,1.0,0.0556,0.0007
tests/unit/lib/conftest.py,arquivo,,1,1,1,1,2,2,0,2.0,0.5,1.0,0.0556,0.0007
build/lib/datachain/__main__.py,arquivo,,1,2,1,2,3,3,2.0,4.7549,0.5,2.3774,0.1321,0.0016
build/lib/datachain/cli/commands/bucket.py,arquivo,,1,2,1,2,3,3,2.0,4.7549,0.5,2.3774,0.1321,0.0016
build/lib/datachain/cli/parser/job.py,arquivo,,1,2,1,2,3,3,2.0,4.7549,0.5,2.3774,0.1321,0.0016
build/lib/datachain/fs/reference.py,arquivo,,1,2,1,2,3,3,2.0,4.7549,0.5,2.3774,0.1321,0.0016
build/lib/datachain/lib/image.py,arquivo,,1,2,1,2,3,3,2.0,4.7549,0.5,2.3774,0.1321,0.0016
build/lib/datachain/sql/utils.py,arquivo,,1,2,1,2,3,3,2.0,4.7549,0.5,2.3774,0.1321,0.0016
docs/api_hooks.py,arquivo,,1,2,1,2,3,3,2.0,4.7549,0.5,2.3774,0.1321,0.0016
examples/get_started/udfs/stateful.py,arquivo,,1,2,1,2,3,3,2.0,4.7549,0.5,2.3774,0.1321,0.0016
examples/multimodal/hf_pipeline.py,arquivo,,1,2,1,2,3,3,2.0,4.7549,0.5,2.3774,0.1321,0.0016
examples/multimodal/zarr-robot-frames.py,arquivo,,1,2,1,2,3,3,2.0,4.7549,0.5,2.3774,0.1321,0.0016
src/datachain/__main__.py,arquivo,,1,2,1,2,3,3,2.0,4.7549,0.5,2.3774,0.1321,0.0016
src/datachain/cli/commands/bucket.py,arquivo,,1,2,1,2,3,3,2.0,4.7549,0.5,2.3774,0.1321,0.0016
src/datachain/cli/parser/job.py,arquivo,,1,2,1,2,3,3,2.0,4.7549,0.5,2.3774,0.1321,0.0016
src/datachain/fs/reference.py,arquivo,,1,2,1,2,3,3,2.0,4.7549,0.5,2.3774,0.1321,0.0016
src/datachain/lib/image.py,arquivo,,1,2,1,2,3,3,2.0,4.7549,0.5,2.3774,0.1321,0.0016
src/datachain/sql/utils.py,arquivo,,1,2,1,2,3,3,2.0,4.7549,0.5,2.3774,0.1321,0.0016
tests/benchmarks/conftest.py,arquivo,,1,2,1,2,3,3,2.0,4.7549,0.5,2.3774,0.1321,0.0016
tests/benchmarks/test_datachain.py,arquivo,,1,2,1,2,3,3,2.0,4.7549,0.5,2.3774,0.1321,0.0016
tests/benchmarks/test_ls.py,arquivo,,1,2,1,2,3,3,2.0,4.7549,0.5,2.3774,0.1321,0.0016
tests/scripts/feature_class_parallel.py,arquivo,,1,2,1,2,3,3,2.0,4.7549,0.5,2.3774,0.1321,0.0016
tests/scripts/feature_class_parallel_data_model.py,arquivo,,1,2,1,2,3,3,2.0,4.7549,0.5,2.3774,0.1321,0.0016
tests/unit/test_catalog.py,arquivo,,1,2,1,2,3,3,2.0,4.7549,0.5,2.3774,0.1321,0.0016
tests/unit/test_query_params.py,arquivo,,1,2,1,2,3,3,2.0,4.7549,0.5,2.3774,0.1321,0.0016
tests/unit/lib/test_schema.py,arquivo,,1,2,1,2,3,3,2.0,4.7549,0.5,2.3774,0.1321,0.0016
tests/unit/lib/test_sql_to_python.py,arquivo,,1,2,1,2,3,3,2.0,4.7549,0.5,2.3774,0.1321,0.0016
tests/unit/model/test_segment.py,arquivo,,1,2,1,2,3,3,2.0,4.7549,0.5,2.3774,0.1321,0.0016
tests/unit/sql/sqlite/test_utils.py,arquivo,,1,2,1,2,3,3,2.0,4.7549,0.5,2.3774,0.1321,0.0016
build/lib/datachain/lib/text.py,arquivo,,1,2,2,2,3,4,2.0,6.3399,0.5,3.1699,0.1761,0.0021
src/datachain/lib/text.py,arquivo,,1,2,2,2,3,4,2.0,6.3399,0.5,3.1699,0.1761,0.0021
tests/func/checkpoints/test_checkpoint_concurrency.py,arquivo,,1,4,2,4,5,6,8.0,13.9316,0.5,6.9658,0.387,0.0046
tests/unit/test_query_metrics.py,arquivo,,1,4,2,4,5,6,8.0,13.9316,0.5,6.9658,0.387,0.0046
tests/unit/sql/test_selectable.py,arquivo,,1,4,2,4,5,6,8.0,13.9316,0.5,6.9658,0.387,0.0046
build/lib/datachain/lib/convert/flatten.py,arquivo,,1,3,2,4,4,6,4.7549,12.0,0.6667,8.0,0.4444,0.004
build/lib/datachain/model/ultralytics/pose.py,arquivo,,2,2,2,2,4,4,4.0,8.0,1.0,8.0,0.4444,0.0027
build/lib/datachain/model/ultralytics/segment.py,arquivo,,2,2,2,2,4,4,4.0,8.0,1.0,8.0,0.4444,0.0027
build/lib/datachain/sql/sqlite/types.py,arquivo,,1,3,2,4,4,6,4.7549,12.0,0.6667,8.0,0.4444,0.004
src/datachain/model/ultralytics/pose.py,arquivo,,2,2,2,2,4,4,4.0,8.0,1.0,8.0,0.4444,0.0027
src/datachain/model/ultralytics/segment.py,arquivo,,2,2,2,2,4,4,4.0,8.0,1.0,8.0,0.4444,0.0027
src/datachain/sql/sqlite/types.py,arquivo,,1,3,2,4,4,6,4.7549,12.0,0.6667,8.0,0.4444,0.004
tests/func/functions/test_random.py,arquivo,,1,3,2,4,4,6,4.7549,12.0,0.6667,8.0,0.4444,0.004
tests/unit/lib/test_listing_info.py,arquivo,,1,3,2,4,4,6,4.7549,12.0,0.6667,8.0,0.4444,0.004
extract_metrics_before_pytest.py,arquivo,,1,2,2,4,3,6,2.0,9.5098,1.0,9.5098,0.5283,0.0032
build/lib/datachain/func/window.py,arquivo,,1,2,2,4,3,6,2.0,9.5098,1.0,9.5098,0.5283,0.0032
build/lib/datachain/query/udf.py,arquivo,,1,2,2,4,3,6,2.0,9.5098,1.0,9.5098,0.5283,0.0032
src/datachain/func/window.py,arquivo,,1,2,2,4,3,6,2.0,9.5098,1.0,9.5098,0.5283,0.0032
src/datachain/query/udf.py,arquivo,,1,2,2,4,3,6,2.0,9.5098,1.0,9.5098,0.5283,0.0032
build/lib/datachain/lib/projects.py,arquivo,,2,3,2,3,5,5,6.7549,11.6096,1.0,11.6096,0.645,0.0039
build/lib/datachain/skill/knowledge/scripts/db_mtime.py,arquivo,,2,3,2,3,5,5,6.7549,11.6096,1.0,11.6096,0.645,0.0039
examples/computer_vision/llava2_image_desc_lib.py,arquivo,,2,3,2,3,5,5,6.7549,11.6096,1.0,11.6096,0.645,0.0039
examples/get_started/udfs/simple.py,arquivo,,2,3,2,3,5,5,6.7549,11.6096,1.0,11.6096,0.645,0.0039
src/datachain/lib/projects.py,arquivo,,2,3,2,3,5,5,6.7549,11.6096,1.0,11.6096,0.645,0.0039
src/datachain/skill/knowledge/scripts/db_mtime.py,arquivo,,2,3,2,3,5,5,6.7549,11.6096,1.0,11.6096,0.645,0.0039
tests/func/test_hidden_field.py,arquivo,,1,6,3,6,7,9,15.5098,25.2662,0.5,12.6331,0.7018,0.0084
tests/unit/test_udf_subprocess_exit_codes.py,arquivo,,1,6,3,6,7,9,15.5098,25.2662,0.5,12.6331,0.7018,0.0084
extract_metrics_before_codecarbon.py,arquivo,,2,4,2,4,6,6,10.0,15.5098,1.0,15.5098,0.8617,0.0052
build/lib/datachain/client/hf.py,arquivo,,2,4,2,4,6,6,10.0,15.5098,1.0,15.5098,0.8617,0.0052
build/lib/datachain/lib/dc/zarr.py,arquivo,,2,4,2,4,6,6,10.0,15.5098,1.0,15.5098,0.8617,0.0052
src/datachain/client/hf.py,arquivo,,2,4,2,4,6,6,10.0,15.5098,1.0,15.5098,0.8617,0.0052
src/datachain/lib/dc/zarr.py,arquivo,,2,4,2,4,6,6,10.0,15.5098,1.0,15.5098,0.8617,0.0052
tests/func/test_read_csv.py,arquivo,,2,4,2,4,6,6,10.0,15.5098,1.0,15.5098,0.8617,0.0052
build/lib/datachain/data_storage/serializer.py,arquivo,,2,4,3,4,6,7,10.0,18.0947,1.0,18.0947,1.0053,0.006
src/datachain/data_storage/serializer.py,arquivo,,2,4,3,4,6,7,10.0,18.0947,1.0,18.0947,1.0053,0.006
extract_score_before_pylint.py,arquivo,,2,3,2,4,5,6,6.7549,13.9316,1.3333,18.5754,1.032,0.0046
build/lib/datachain/cli/commands/show.py,arquivo,,2,3,2,4,5,6,6.7549,13.9316,1.3333,18.5754,1.032,0.0046
src/datachain/cli/commands/show.py,arquivo,,2,3,2,4,5,6,6.7549,13.9316,1.3333,18.5754,1.032,0.0046
tests/func/functions/test_path.py,arquivo,,1,8,4,8,9,12,24.0,38.0391,0.5,19.0196,1.0566,0.0127
tests/unit/sql/test_path.py,arquivo,,1,8,4,8,9,12,24.0,38.0391,0.5,19.0196,1.0566,0.0127
tests/unit/sql/test_string.py,arquivo,,1,8,4,8,9,12,24.0,38.0391,0.5,19.0196,1.0566,0.0127
tests/func/test_signal_schema.py,arquivo,,1,7,4,8,8,12,19.6515,36.0,0.5714,20.5714,1.1429,0.012
examples/incremental_processing/delta.py,arquivo,,2,5,3,5,7,8,13.6096,22.4588,1.0,22.4588,1.2477,0.0075
tests/unit/test_cli_datasets.py,arquivo,,1,10,5,10,11,15,33.2193,51.8915,0.5,25.9457,1.4414,0.0173
build/lib/datachain/sql/selectable.py,arquivo,,2,6,3,6,8,9,17.5098,27.0,1.0,27.0,1.5,0.009
build/lib/datachain/sql/functions/conversion.py,arquivo,,2,6,3,6,8,9,17.5098,27.0,1.0,27.0,1.5,0.009
examples/computer_vision/openimage-detect.py,arquivo,,2,6,3,6,8,9,17.5098,27.0,1.0,27.0,1.5,0.009
src/datachain/sql/selectable.py,arquivo,,2,6,3,6,8,9,17.5098,27.0,1.0,27.0,1.5,0.009
src/datachain/sql/functions/conversion.py,arquivo,,2,6,3,6,8,9,17.5098,27.0,1.0,27.0,1.5,0.009
tests/scripts/name_len_slow.py,arquivo,,3,4,3,4,7,7,12.7549,19.6515,1.5,29.4772,1.6376,0.0066
build/lib/datachain/model/ultralytics/bbox.py,arquivo,,2,2,4,4,4,8,4.0,16.0,2.0,32.0,1.7778,0.0053
src/datachain/model/ultralytics/bbox.py,arquivo,,2,2,4,4,4,8,4.0,16.0,2.0,32.0,1.7778,0.0053
tests/func/functions/test_string.py,arquivo,,1,12,6,12,13,18,43.0196,66.6079,0.5,33.304,1.8502,0.0222
examples/llm_and_nlp/hf-dataset-llm-eval.py,arquivo,,2,7,4,7,9,11,21.6515,34.8692,1.0,34.8692,1.9372,0.0116
build/lib/datachain/skill/knowledge/scripts/list_datasets.py,arquivo,,2,4,3,6,6,9,10.0,23.2647,1.5,34.897,1.9387,0.0078
src/datachain/skill/knowledge/scripts/list_datasets.py,arquivo,,2,4,3,6,6,9,10.0,23.2647,1.5,34.897,1.9387,0.0078
build/lib/datachain/progress.py,arquivo,,3,5,3,5,8,8,16.3645,24.0,1.5,36.0,2.0,0.008
build/lib/datachain/query/params.py,arquivo,,3,5,3,5,8,8,16.3645,24.0,1.5,36.0,2.0,0.008
examples/multimodal/openai_image_desc_lib.py,arquivo,,3,5,3,5,8,8,16.3645,24.0,1.5,36.0,2.0,0.008
src/datachain/progress.py,arquivo,,3,5,3,5,8,8,16.3645,24.0,1.5,36.0,2.0,0.008
src/datachain/query/params.py,arquivo,,3,5,3,5,8,8,16.3645,24.0,1.5,36.0,2.0,0.008
build/lib/datachain/func/aggregate.py,arquivo,,2,8,4,8,10,12,26.0,39.8631,1.0,39.8631,2.2146,0.0133
tests/unit/test_job.py,arquivo,,2,8,4,8,10,12,26.0,39.8631,1.0,39.8631,2.2146,0.0133
tests/func/test_metrics.py,arquivo,,1,7,6,11,8,17,19.6515,51.0,0.7857,40.0714,2.2262,0.017
tests/unit/test_semver.py,arquivo,,1,14,7,14,15,21,53.303,82.0447,0.5,41.0224,2.279,0.0273
build/lib/datachain/lib/listing_info.py,arquivo,,3,4,3,5,7,8,12.7549,22.4588,1.875,42.1103,2.3395,0.0075
examples/incremental_processing/utils.py,arquivo,,3,4,3,5,7,8,12.7549,22.4588,1.875,42.1103,2.3395,0.0075
src/datachain/lib/listing_info.py,arquivo,,3,4,3,5,7,8,12.7549,22.4588,1.875,42.1103,2.3395,0.0075
noxfile.py,arquivo,,3,6,3,6,9,9,20.2647,28.5293,1.5,42.794,2.3774,0.0095
tests/func/test_session.py,arquivo,,3,6,3,6,9,9,20.2647,28.5293,1.5,42.794,2.3774,0.0095
tests/unit/test_data_storage.py,arquivo,,2,7,4,8,9,12,21.6515,38.0391,1.1429,43.4733,2.4152,0.0127
build/lib/datachain/lib/convert/sql_to_python.py,arquivo,,3,5,3,6,8,9,16.3645,27.0,1.8,48.6,2.7,0.009
src/datachain/lib/convert/sql_to_python.py,arquivo,,3,5,3,6,8,9,16.3645,27.0,1.8,48.6,2.7,0.009
build/lib/datachain/lib/dc/hf.py,arquivo,,3,7,3,7,10,10,24.4064,33.2193,1.5,49.8289,2.7683,0.0111
src/datachain/lib/dc/hf.py,arquivo,,3,7,3,7,10,10,24.4064,33.2193,1.5,49.8289,2.7683,0.0111
build/lib/datachain/job.py,arquivo,,1,3,5,10,4,15,4.7549,30.0,1.6667,50.0,2.7778,0.01
src/datachain/job.py,arquivo,,1,3,5,10,4,15,4.7549,30.0,1.6667,50.0,2.7778,0.01
tests/unit/lib/test_text.py,arquivo,,2,10,5,10,12,15,35.2193,53.7744,1.0,53.7744,2.9875,0.0179
tests/unit/sql/test_types.py,arquivo,,2,10,5,10,12,15,35.2193,53.7744,1.0,53.7744,2.9875,0.0179
build/lib/datachain/lib/dc/json.py,arquivo,,3,5,4,6,8,10,16.3645,30.0,1.8,54.0,3.0,0.01
src/datachain/lib/dc/json.py,arquivo,,3,5,4,6,8,10,16.3645,30.0,1.8,54.0,3.0,0.01
tests/test_telemetry.py,arquivo,,3,7,4,7,10,11,24.4064,36.5412,1.5,54.8118,3.0451,0.0122
tests/unit/test_client_hf.py,arquivo,,1,18,9,18,19,27,75.0587,114.694,0.5,57.347,3.1859,0.0382
tests/unit/lib/test_image.py,arquivo,,2,9,5,10,11,15,30.5293,51.8915,1.1111,57.6572,3.2032,0.0173
build/lib/datachain/lib/namespaces.py,arquivo,,3,6,4,7,9,11,20.2647,34.8692,1.75,61.0211,3.3901,0.0116
src/datachain/lib/namespaces.py,arquivo,,3,6,4,7,9,11,20.2647,34.8692,1.75,61.0211,3.3901,0.0116
build/lib/datachain/query/metrics.py,arquivo,,2,11,7,11,13,18,40.0537,66.6079,1.0,66.6079,3.7004,0.0222
src/datachain/query/metrics.py,arquivo,,2,11,7,11,13,18,40.0537,66.6079,1.0,66.6079,3.7004,0.0222
tests/unit/test_script_meta.py,arquivo,,2,12,6,12,14,18,45.0196,68.5324,1.0,68.5324,3.8074,0.0228
tests/unit/test_sqlite_add_column.py,arquivo,,2,12,6,12,14,18,45.0196,68.5324,1.0,68.5324,3.8074,0.0228
examples/multimodal/clip_inference.py,arquivo,,3,6,4,8,9,12,20.2647,38.0391,2.0,76.0782,4.2266,0.0127
tests/unit/test_delta.py,arquivo,,2,10,6,12,12,18,35.2193,64.5293,1.2,77.4352,4.302,0.0215
src/datachain/lib/convert/flatten.py,arquivo,,2,9,6,12,11,18,30.5293,62.2698,1.3333,83.0264,4.6126,0.0208
examples/multimodal/wds_filtered.py,arquivo,,3,10,5,10,13,15,37.9742,55.5066,1.5,83.2599,4.6255,0.0185
src/datachain/func/aggregate.py,arquivo,,3,10,5,10,13,15,37.9742,55.5066,1.5,83.2599,4.6255,0.0185
tests/unit/test_config.py,arquivo,,1,24,12,24,25,36,110.0391,167.1788,0.5,83.5894,4.6439,0.0557
examples/get_started/json-csv-reader.py,arquivo,,2,5,5,10,7,15,13.6096,42.1103,2.0,84.2206,4.6789,0.014
examples/get_started/nested_datamodel.py,arquivo,,2,5,5,10,7,15,13.6096,42.1103,2.0,84.2206,4.6789,0.014
src/datachain/lib/convert/unflatten.py,arquivo,,3,9,5,10,12,15,33.2842,53.7744,1.6667,89.6241,4.9791,0.0179
tests/examples/test_examples.py,arquivo,,3,9,5,10,12,15,33.2842,53.7744,1.6667,89.6241,4.9791,0.0179
tests/unit/test_meta_formats.py,arquivo,,3,9,5,10,12,15,33.2842,53.7744,1.6667,89.6241,4.9791,0.0179
build/lib/datachain/func/numeric.py,arquivo,,2,16,8,16,18,24,66.0,100.0782,1.0,100.0782,5.5599,0.0334
src/datachain/func/numeric.py,arquivo,,2,16,8,16,18,24,66.0,100.0782,1.0,100.0782,5.5599,0.0334
build/lib/datachain/lib/dc/csv.py,arquivo,,4,7,5,8,11,13,27.6515,44.9726,2.2857,102.7945,5.7108,0.015
src/datachain/lib/dc/csv.py,arquivo,,4,7,5,8,11,13,27.6515,44.9726,2.2857,102.7945,5.7108,0.015
tests/unit/lib/test_namespace.py,arquivo,,1,20,13,26,21,39,86.4386,171.3004,0.65,111.3452,6.1858,0.0571
build/lib/datachain/cli/parser/utils.py,arquivo,,4,8,5,9,12,14,32.0,50.1895,2.25,112.9263,6.2737,0.0167
src/datachain/cli/parser/utils.py,arquivo,,4,8,5,9,12,14,32.0,50.1895,2.25,112.9263,6.2737,0.0167
tests/func/test_bucket_status.py,arquivo,,4,10,5,10,14,15,41.2193,57.1103,2.0,114.2206,6.3456,0.019
tests/func/test_similarity_search.py,arquivo,,2,18,9,18,20,27,77.0587,116.6921,1.0,116.6921,6.4829,0.0389
build/lib/datachain/lib/convert/unflatten.py,arquivo,,4,11,5,11,15,16,46.0537,62.5102,2.0,125.0205,6.9456,0.0208
build/lib/datachain/catalog/datasource.py,arquivo,,4,9,6,10,13,16,36.5293,59.207,2.2222,131.5712,7.3095,0.0197
src/datachain/catalog/datasource.py,arquivo,,4,9,6,10,13,16,36.5293,59.207,2.2222,131.5712,7.3095,0.0197
build/lib/datachain/lib/dc/listings.py,arquivo,,5,9,5,9,14,14,40.139,53.303,2.5,133.2574,7.4032,0.0178
src/datachain/lib/dc/listings.py,arquivo,,5,9,5,9,14,14,40.139,53.303,2.5,133.2574,7.4032,0.0178
examples/get_started/udfs/parallel.py,arquivo,,4,6,5,9,10,14,23.5098,46.507,3.0,139.521,7.7512,0.0155
tests/unit/model/test_bbox.py,arquivo,,1,36,18,36,37,54,186.1173,281.3105,0.5,140.6552,7.8142,0.0938
tests/func/test_storage_auto_anon.py,arquivo,,3,12,7,14,15,21,47.7744,82.0447,1.75,143.5782,7.9766,0.0273
tests/func/functions/test_numeric.py,arquivo,,4,12,6,12,16,18,51.0196,72.0,2.0,144.0,8.0,0.024
tests/unit/test_dispatch.py,arquivo,,4,12,6,12,16,18,51.0196,72.0,2.0,144.0,8.0,0.024
tests/unit/test_data_model.py,arquivo,,3,11,7,14,14,21,42.8086,79.9545,1.9091,152.6403,8.48,0.0267
build/lib/datachain/data_storage/db_engine.py,arquivo,,4,9,6,11,13,17,36.5293,62.9075,2.4444,153.7738,8.543,0.021
src/datachain/data_storage/db_engine.py,arquivo,,4,9,6,11,13,17,36.5293,62.9075,2.4444,153.7738,8.543,0.021
build/lib/datachain/model/segment.py,arquivo,,3,15,10,15,18,25,63.3582,104.2481,1.5,156.3722,8.6873,0.0347
src/datachain/model/segment.py,arquivo,,3,15,10,15,18,25,63.3582,104.2481,1.5,156.3722,8.6873,0.0347
tests/unit/lib/test_python_to_sql.py,arquivo,,2,20,11,22,22,33,88.4386,147.1612,1.1,161.8774,8.9932,0.0491
examples/multimodal/audio-to-text.py,arquivo,,4,10,6,12,14,18,41.2193,68.5324,2.4,164.4777,9.1377,0.0228
tests/func/test_meta_formats.py,arquivo,,3,12,8,15,15,23,47.7744,89.8585,1.875,168.4847,9.3603,0.03
tests/func/test_temp_table_tracking.py,arquivo,,2,23,12,24,25,36,106.0419,167.1788,1.0435,174.4475,9.6915,0.0557
build/lib/datachain/func/string.py,arquivo,,4,14,7,14,18,21,61.303,87.5684,2.0,175.1369,9.7298,0.0292
src/datachain/func/string.py,arquivo,,4,14,7,14,18,21,61.303,87.5684,2.0,175.1369,9.7298,0.0292
tests/func/test_feature_pickling.py,arquivo,,2,25,13,25,27,38,118.0964,180.6857,1.0,180.6857,10.0381,0.0602
build/lib/datachain/skill/knowledge/scripts/cleanup_json.py,arquivo,,4,12,8,13,16,21,51.0196,84.0,2.1667,182.0,10.1111,0.028
src/datachain/skill/knowledge/scripts/cleanup_json.py,arquivo,,4,12,8,13,16,21,51.0196,84.0,2.1667,182.0,10.1111,0.028
extract_metrics_before_pylint.py,arquivo,,5,10,6,11,15,17,44.8289,66.4171,2.75,182.6471,10.1471,0.0221
tests/test_import_time.py,arquivo,,5,10,6,11,15,17,44.8289,66.4171,2.75,182.6471,10.1471,0.0221
tests/unit/test_client_s3.py,arquivo,,2,21,12,24,23,36,94.2387,162.8482,1.1429,186.1123,10.3396,0.0543
build/lib/datachain/sql/sqlite/vector.py,arquivo,,4,9,8,12,13,20,36.5293,74.0088,2.6667,197.3568,10.9643,0.0247
src/datachain/sql/sqlite/vector.py,arquivo,,4,9,8,12,13,20,36.5293,74.0088,2.6667,197.3568,10.9643,0.0247
tests/unit/test_client_bucket_status.py,arquivo,,3,20,10,20,23,30,91.1934,135.7069,1.5,203.5603,11.3089,0.0452
tests/unit/test_json.py,arquivo,,3,20,10,20,23,30,91.1934,135.7069,1.5,203.5603,11.3089,0.0452
build/lib/datachain/namespace.py,arquivo,,4,13,8,15,17,23,56.1057,94.0116,2.3077,216.95,12.0528,0.0313
src/datachain/namespace.py,arquivo,,4,13,8,15,17,23,56.1057,94.0116,2.3077,216.95,12.0528,0.0313
tests/unit/lib/test_clip.py,arquivo,,3,15,11,18,18,29,63.3582,120.9278,1.8,217.6701,12.0928,0.0403
tests/func/test_model_store_rebuild.py,arquivo,,3,18,10,20,21,30,79.8135,131.7695,1.6667,219.6159,12.2009,0.0439
build/lib/datachain/data_storage/buffer.py,arquivo,,5,12,7,13,17,20,54.6292,81.7493,2.7083,221.4042,12.3002,0.0272
src/datachain/data_storage/buffer.py,arquivo,,5,12,7,13,17,20,54.6292,81.7493,2.7083,221.4042,12.3002,0.0272
tests/unit/lib/test_project.py,arquivo,,1,37,23,46,38,69,192.7498,362.107,0.6216,225.0935,12.5052,0.1207
tests/func/test_toolkit.py,arquivo,,4,16,9,17,20,26,72.0,112.3701,2.125,238.7865,13.2659,0.0375
examples/computer_vision/iptc_exif_xmp_lib.py,arquivo,,4,13,8,16,17,24,56.1057,98.0991,2.4615,241.4747,13.4153,0.0327
build/lib/datachain/project.py,arquivo,,5,10,7,13,15,20,44.8289,78.1378,3.25,253.9479,14.1082,0.026
src/datachain/project.py,arquivo,,5,10,7,13,15,20,44.8289,78.1378,3.25,253.9479,14.1082,0.026
tests/func/test_cli_show.py,arquivo,,2,20,14,28,22,42,88.4386,187.2961,1.4,262.2146,14.5675,0.0624
tests/test_cli_e2e.py,arquivo,,3,10,9,18,13,27,37.9742,99.9119,2.7,269.7621,14.9868,0.0333
examples/get_started/torch-loader.py,arquivo,,5,13,8,15,18,23,59.7154,95.9083,2.8846,276.6585,15.3699,0.032
build/lib/datachain/catalog/loader.py,arquivo,,4,14,11,17,18,28,61.303,116.7579,2.4286,283.5549,15.7531,0.0389
src/datachain/catalog/loader.py,arquivo,,4,14,11,17,18,28,61.303,116.7579,2.4286,283.5549,15.7531,0.0389
tests/unit/test_client.py,arquivo,,3,16,11,22,19,33,68.7549,140.1816,2.0625,289.1246,16.0625,0.0467
build/lib/datachain/cache.py,arquivo,,6,11,7,13,17,20,53.5635,81.7493,3.5455,289.8383,16.1021,0.0272
src/datachain/cache.py,arquivo,,6,11,7,13,17,20,53.5635,81.7493,3.5455,289.8383,16.1021,0.0272
tests/func/test_read_dataset_version_specifiers.py,arquivo,,2,13,13,26,15,39,50.1057,152.3687,2.0,304.7375,16.9299,0.0508
tests/unit/test_client_gcs.py,arquivo,,4,22,11,22,26,33,106.1075,155.1145,2.0,310.229,17.2349,0.0517
tests/unit/model/test_pose.py,arquivo,,2,40,20,40,42,60,214.8771,323.539,1.0,323.539,17.9744,0.1078
tests/unit/lib/test_hf.py,arquivo,,3,30,15,30,33,45,151.9616,226.9977,1.5,340.4966,18.9165,0.0757
build/lib/datachain/lib/webdataset_laion.py,arquivo,,1,4,14,28,5,42,8.0,97.521,3.5,341.3234,18.9624,0.0325
src/datachain/lib/webdataset_laion.py,arquivo,,1,4,14,28,5,42,8.0,97.521,3.5,341.3234,18.9624,0.0325
build/lib/datachain/client/azure.py,arquivo,,6,15,9,16,21,25,74.1131,109.8079,3.2,351.3854,19.5214,0.0366
src/datachain/client/azure.py,arquivo,,6,15,9,16,21,25,74.1131,109.8079,3.2,351.3854,19.5214,0.0366
tests/func/functions/test_aggregate.py,arquivo,,3,32,16,32,35,48,164.7549,246.2056,1.5,369.3084,20.5171,0.0821
build/lib/datachain/checkpoint_event.py,arquivo,,1,7,17,34,8,51,19.6515,153.0,2.4286,371.5714,20.6429,0.051
src/datachain/checkpoint_event.py,arquivo,,1,7,17,34,8,51,19.6515,153.0,2.4286,371.5714,20.6429,0.051
build/lib/datachain/lib/dc/records.py,arquivo,,7,14,8,15,21,23,72.9545,101.0233,3.75,378.8374,21.0465,0.0337
src/datachain/lib/dc/records.py,arquivo,,7,14,8,15,21,23,72.9545,101.0233,3.75,378.8374,21.0465,0.0337
build/lib/datachain/hash_utils.py,arquivo,,6,16,10,17,22,27,79.5098,120.4047,3.1875,383.7898,21.3217,0.0401
src/datachain/hash_utils.py,arquivo,,6,16,10,17,22,27,79.5098,120.4047,3.1875,383.7898,21.3217,0.0401
tests/func/test_to_csv.py,arquivo,,2,46,23,46,48,69,256.0838,385.3624,1.0,385.3624,21.409,0.1285
tests/unit/test_serializer.py,arquivo,,3,29,16,32,32,48,145.6363,240.0,1.6552,397.2414,22.069,0.08
build/lib/datachain/script_meta.py,arquivo,,5,19,11,21,24,32,92.3203,146.7188,2.7632,405.4072,22.5226,0.0489
src/datachain/script_meta.py,arquivo,,5,19,11,21,24,32,92.3203,146.7188,2.7632,405.4072,22.5226,0.0489
examples/incremental_processing/retry.py,arquivo,,5,16,10,20,21,30,75.6096,131.7695,3.125,411.7798,22.8767,0.0439
tests/unit/test_cli_parsing.py,arquivo,,2,37,22,44,39,66,194.7498,348.8365,1.1892,414.8326,23.0463,0.1163
tests/unit/lib/test_storage_pattern.py,arquivo,,1,88,44,88,89,132,568.43,854.7968,0.5,427.3984,23.7444,0.2849
tests/func/functions/test_cast.py,arquivo,,3,36,18,36,39,54,190.8722,285.4117,1.5,428.1176,23.7843,0.0951
tests/func/checkpoints/test_checkpoint_job_linking.py,arquivo,,2,35,22,44,37,66,181.5249,343.8239,1.2571,432.2358,24.0131,0.1146
build/lib/datachain/skill/knowledge/scripts/schema.py,arquivo,,5,19,12,22,24,34,92.3203,155.8887,2.8947,451.2568,25.0698,0.052
src/datachain/skill/knowledge/scripts/schema.py,arquivo,,5,19,12,22,24,34,92.3203,155.8887,2.8947,451.2568,25.0698,0.052
build/lib/datachain/lib/hf.py,arquivo,,6,18,10,20,24,30,90.5684,137.5489,3.3333,458.4963,25.472,0.0458
src/datachain/lib/hf.py,arquivo,,6,18,10,20,24,30,90.5684,137.5489,3.3333,458.4963,25.472,0.0458
tests/func/test_studio_datetime_parsing.py,arquivo,,4,16,12,24,20,36,72.0,155.5894,3.0,466.7682,25.9316,0.0519
build/lib/datachain/cli/__init__.py,arquivo,,5,18,12,22,23,34,86.6683,153.8011,3.0556,469.9478,26.1082,0.0513
src/datachain/cli/__init__.py,arquivo,,5,18,12,22,23,34,86.6683,153.8011,3.0556,469.9478,26.1082,0.0513
build/lib/datachain/model/pose.py,arquivo,,3,34,24,35,37,59,177.7286,307.3577,1.5441,474.5965,26.3665,0.1025
src/datachain/model/pose.py,arquivo,,3,34,24,35,37,59,177.7286,307.3577,1.5441,474.5965,26.3665,0.1025
tests/func/test_union.py,arquivo,,3,18,15,30,21,45,79.8135,197.6543,2.5,494.1357,27.452,0.0659
tests/unit/test_client_http.py,arquivo,,2,45,28,52,47,80,249.1334,444.3671,1.1556,513.4909,28.5273,0.1481
build/lib/datachain/lib/dc/utils.py,arquivo,,6,23,13,23,29,36,119.5517,174.8873,3.0,524.6619,29.1479,0.0583
src/datachain/lib/dc/utils.py,arquivo,,6,23,13,23,29,36,119.5517,174.8873,3.0,524.6619,29.1479,0.0583
tests/unit/test_client_azure.py,arquivo,,3,41,21,42,44,63,224.4145,343.9442,1.5366,528.4996,29.3611,0.1146
tests/unit/lib/test_datachain_bootstrap.py,arquivo,,5,23,13,26,28,39,115.6516,187.4868,2.8261,529.8541,29.4363,0.0625
tests/unit/lib/test_udf_signature.py,arquivo,,2,55,29,58,57,87,319.9748,507.4614,1.0545,535.1411,29.7301,0.1692
tests/unit/test_fileslice.py,arquivo,,3,29,19,37,32,56,145.6363,280.0,1.9138,535.8621,29.7701,0.0933
tests/unit/test_pytorch.py,arquivo,,6,10,10,17,16,27,48.7291,108.0,5.1,550.8,30.6,0.036
tests/unit/sql/sqlite/test_types.py,arquivo,,3,41,22,43,44,65,224.4145,354.8631,1.5732,558.2602,31.0145,0.1183
tests/examples/test_wds_e2e.py,arquivo,,3,38,21,42,41,63,204.1761,337.5258,1.6579,559.5822,31.0879,0.1125
tests/unit/lib/test_webdataset.py,arquivo,,4,22,15,30,26,45,106.1075,211.5198,2.7273,576.8721,32.0485,0.0705
tests/func/test_datachain_merge.py,arquivo,,5,20,13,26,25,39,98.0482,181.1104,3.25,588.6088,32.7005,0.0604
build/lib/datachain/query/schema.py,arquivo,,6,21,13,24,27,37,107.7484,175.9308,3.4286,603.1914,33.5106,0.0586
src/datachain/query/schema.py,arquivo,,6,21,13,24,27,37,107.7484,175.9308,3.4286,603.1914,33.5106,0.0586
build/lib/datachain/config.py,arquivo,,7,18,12,21,25,33,94.7101,153.2473,4.0833,625.7596,34.7644,0.0511
src/datachain/config.py,arquivo,,7,18,12,21,25,33,94.7101,153.2473,4.0833,625.7596,34.7644,0.0511
tests/func/test_warehouse.py,arquivo,,4,29,18,35,33,53,148.8814,267.3529,2.4138,645.3346,35.8519,0.0891
tests/unit/test_database_engine.py,arquivo,,4,29,23,34,33,57,148.8814,287.5305,2.3448,674.2094,37.4561,0.0958
build/lib/datachain/model/bbox.py,arquivo,,6,27,17,28,33,45,143.8917,226.9977,3.1111,706.2152,39.2342,0.0757
src/datachain/model/bbox.py,arquivo,,6,27,17,28,33,45,143.8917,226.9977,3.1111,706.2152,39.2342,0.0757
build/lib/datachain/sql/types.py,arquivo,,6,27,15,29,33,44,143.8917,221.9533,3.2222,715.183,39.7324,0.074
src/datachain/sql/types.py,arquivo,,6,27,15,29,33,44,143.8917,221.9533,3.2222,715.183,39.7324,0.074
tests/unit/test_cache.py,arquivo,,6,26,17,28,32,45,137.7212,225.0,3.2308,726.9231,40.3846,0.075
tests/unit/test_catalog_loader.py,arquivo,,3,23,20,40,26,60,108.7968,282.0264,2.6087,735.721,40.8734,0.094
tests/func/test_read_database.py,arquivo,,5,34,18,36,39,54,184.5834,285.4117,2.6471,755.5016,41.9723,0.0951
build/lib/datachain/cli/utils.py,arquivo,,6,22,15,28,28,43,113.6173,206.7163,3.8182,789.2803,43.8489,0.0689
src/datachain/cli/utils.py,arquivo,,6,22,15,28,28,43,113.6173,206.7163,3.8182,789.2803,43.8489,0.0689
tests/unit/test_asyn.py,arquivo,,5,32,18,36,37,54,171.6096,281.3105,2.8125,791.1857,43.9548,0.0938
extract_metrics_before_radon.py,arquivo,,7,24,14,27,31,41,129.6906,203.122,3.9375,799.7931,44.4329,0.0677
tests/unit/sql/test_array.py,arquivo,,3,28,30,43,31,73,139.3608,361.6563,2.3036,833.1012,46.2834,0.1206
tests/func/test_pytorch.py,arquivo,,6,27,18,31,33,49,143.8917,247.1753,3.4444,851.3816,47.299,0.0824
tests/func/test_image.py,arquivo,,6,28,17,32,34,49,150.1157,249.2857,3.4286,854.6938,47.483,0.0831
tests/func/test_ls.py,arquivo,,5,27,18,35,32,53,139.9916,265.0,3.2407,858.7963,47.7109,0.0883
build/lib/datachain/skill/knowledge/scripts/changes.py,arquivo,,6,19,14,28,25,42,96.2204,195.042,4.4211,862.2908,47.905,0.065
src/datachain/skill/knowledge/scripts/changes.py,arquivo,,6,19,14,28,25,42,96.2204,195.042,4.4211,862.2908,47.905,0.065
tests/unit/test_skill_jobs_scripts.py,arquivo,,4,49,25,50,53,75,283.1208,429.594,2.0408,876.7225,48.7068,0.1432
tests/scripts/concurrent_save.py,arquivo,,8,25,14,27,33,41,140.0964,206.8202,4.32,893.4631,49.6368,0.0689
build/lib/datachain/cli/commands/datasets.py,arquivo,,6,22,16,30,28,46,113.6173,221.1383,4.0909,904.6568,50.2587,0.0737
src/datachain/cli/commands/datasets.py,arquivo,,6,22,16,30,28,46,113.6173,221.1383,4.0909,904.6568,50.2587,0.0737
build/lib/datachain/lib/dataset_info.py,arquivo,,6,27,16,33,33,49,143.8917,247.1753,3.6667,906.3095,50.3505,0.0824
src/datachain/lib/dataset_info.py,arquivo,,6,27,16,33,33,49,143.8917,247.1753,3.6667,906.3095,50.3505,0.0824
tests/func/functions/test_conditional.py,arquivo,,4,41,24,48,45,72,227.6596,395.4134,2.3415,925.8461,51.4359,0.1318
src/datachain/lib/dc/datasets.py,arquivo,,7,25,17,29,32,46,135.7479,230.0,4.06,933.8,51.8778,0.0767
tests/unit/sql/test_conditional.py,arquivo,,4,42,26,48,46,74,234.4773,408.7436,2.2857,934.2711,51.9039,0.1362
build/lib/datachain/func/conditional.py,arquivo,,7,23,15,29,30,44,123.6934,215.9032,4.413,952.7901,52.9328,0.072
build/lib/datachain/client/http.py,arquivo,,5,34,23,40,39,63,184.5834,332.9803,2.9412,979.3539,54.4086,0.111
src/datachain/client/http.py,arquivo,,5,34,23,40,39,63,184.5834,332.9803,2.9412,979.3539,54.4086,0.111
build/lib/datachain/client/fileslice.py,arquivo,,7,15,13,26,22,39,78.2548,173.9178,6.0667,1055.1015,58.6168,0.058
src/datachain/client/fileslice.py,arquivo,,7,15,13,26,22,39,78.2548,173.9178,6.0667,1055.1015,58.6168,0.058
tests/unit/lib/test_diff.py,arquivo,,4,50,29,55,54,84,290.1928,483.4106,2.2,1063.5032,59.0835,0.1611
build/lib/datachain/lib/zarr.py,arquivo,,9,26,15,28,35,43,150.7408,220.5592,4.8462,1068.8637,59.3813,0.0735
src/datachain/lib/zarr.py,arquivo,,9,26,15,28,35,43,150.7408,220.5592,4.8462,1068.8637,59.3813,0.0735
build/lib/datachain/lib/dc/datasets.py,arquivo,,8,23,17,29,31,46,128.0419,227.893,5.0435,1149.3735,63.8541,0.076
tests/func/model/test_yolo.py,arquivo,,2,111,58,111,113,169,756.1802,1152.6102,1.0,1152.6102,64.0339,0.3842
build/lib/datachain/query/batch.py,arquivo,,8,16,13,26,24,39,88.0,178.8135,6.5,1162.288,64.5716,0.0596
src/datachain/query/batch.py,arquivo,,8,16,13,26,24,39,88.0,178.8135,6.5,1162.288,64.5716,0.0596
tests/unit/test_session.py,arquivo,,8,29,17,33,37,50,164.8814,260.4727,4.5517,1185.5997,65.8667,0.0868
build/lib/datachain/func/array.py,arquivo,,7,34,20,38,41,58,192.6252,310.738,3.9118,1215.534,67.5297,0.1036
src/datachain/func/array.py,arquivo,,7,34,20,38,41,58,192.6252,310.738,3.9118,1215.534,67.5297,0.1036
tests/func/test_to_json.py,arquivo,,7,27,18,35,34,53,148.0334,269.6355,4.537,1223.3464,67.9637,0.0899
tests/unit/lib/test_feature.py,arquivo,,4,62,33,66,66,99,377.1602,598.395,2.129,1274.0023,70.7779,0.1995
tests/test_query_e2e.py,arquivo,,8,27,18,33,35,51,152.382,261.5934,4.8889,1278.9012,71.0501,0.0872
build/lib/datachain/lib/pytorch.py,arquivo,,9,26,16,31,35,47,150.7408,241.0763,5.3654,1293.4671,71.8593,0.0804
tests/func/checkpoints/test_checkpoint_parallel.py,arquivo,,6,35,22,44,41,66,195.0347,353.5984,3.7714,1333.5712,74.0873,0.1179
tests/unit/test_warehouse.py,arquivo,,3,71,42,82,74,124,441.3869,769.9722,1.7324,1333.8955,74.1053,0.2567
src/datachain/lib/pytorch.py,arquivo,,9,25,16,31,34,47,144.6257,239.1108,5.58,1334.238,74.1243,0.0797
build/lib/datachain/cli/commands/ls.py,arquivo,,8,32,21,36,40,57,184.0,303.3499,4.5,1365.0746,75.8375,0.1011
src/datachain/cli/commands/ls.py,arquivo,,8,32,21,36,40,57,184.0,303.3499,4.5,1365.0746,75.8375,0.1011
tests/unit/test_batch_size.py,arquivo,,5,41,26,52,46,78,231.2693,430.8378,3.1707,1366.0712,75.8928,0.1436
build/lib/datachain/catalog/dependency.py,arquivo,,7,21,17,34,28,51,111.8902,245.1751,5.6667,1389.3256,77.1848,0.0817
src/datachain/catalog/dependency.py,arquivo,,7,21,17,34,28,51,111.8902,245.1751,5.6667,1389.3256,77.1848,0.0817
build/lib/datachain/client/gcs.py,arquivo,,9,33,19,35,42,54,194.9943,291.1851,4.7727,1389.7473,77.2082,0.0971
src/datachain/client/gcs.py,arquivo,,9,33,19,35,42,54,194.9943,291.1851,4.7727,1389.7473,77.2082,0.0971
tests/test_job_management_e2e.py,arquivo,,5,48,28,56,53,84,279.6878,481.1453,2.9167,1403.3405,77.9634,0.1604
build/lib/datachain/lib/arrow.py,arquivo,,7,39,23,43,46,66,225.7822,364.5551,3.859,1406.8087,78.156,0.1215
tests/unit/lib/test_buffer.py,arquivo,,4,68,36,72,72,108,421.9475,666.3519,2.1176,1411.0981,78.3943,0.2221
tests/unit/test_job_management.py,arquivo,,5,43,27,54,48,81,244.939,452.382,3.1395,1420.269,78.9038,0.1508
src/datachain/func/conditional.py,arquivo,,7,33,21,41,40,62,186.1165,329.9595,4.3485,1434.8241,79.7124,0.11
build/lib/datachain/nodes_thread_pool.py,arquivo,,8,24,17,34,32,51,134.0391,255.0,5.6667,1445.0,80.2778,0.085
src/datachain/nodes_thread_pool.py,arquivo,,8,24,17,34,32,51,134.0391,255.0,5.6667,1445.0,80.2778,0.085
tests/unit/test_select.py,arquivo,,5,53,30,59,58,89,315.1894,521.3603,2.783,1450.9556,80.6086,0.1738
tests/unit/lib/test_zarr.py,arquivo,,3,75,44,88,78,132,471.9163,829.6731,1.76,1460.2246,81.1236,0.2766
tests/unit/lib/test_arrow.py,arquivo,,4,63,36,72,67,108,384.5686,655.1376,2.2857,1497.4574,83.1921,0.2184
tests/unit/test_batch_size_udf.py,arquivo,,7,39,23,45,46,68,225.7822,375.6022,4.0385,1516.8551,84.2697,0.1252
build/lib/datachain/listing.py,arquivo,,10,31,18,34,41,52,186.7994,278.5927,5.4839,1527.7664,84.8759,0.0929
src/datachain/listing.py,arquivo,,10,31,18,34,41,52,186.7994,278.5927,5.4839,1527.7664,84.8759,0.0929
tests/unit/lib/test_subtract.py,arquivo,,7,47,25,49,54,74,280.7172,425.8617,3.6489,1553.9421,86.3301,0.142
tests/unit/lib/test_feature_utils.py,arquivo,,4,72,40,77,76,117,452.2346,731.0075,2.1389,1563.5439,86.8635,0.2437
build/lib/datachain/lib/dc/storage.py,arquivo,,8,30,22,38,38,60,171.2067,314.8757,5.0667,1595.37,88.6317,0.105
build/lib/datachain/skill/knowledge/scripts/bucket_overview.py,arquivo,,8,39,22,44,47,66,230.1307,366.6029,4.5128,1654.4129,91.9118,0.1222
src/datachain/skill/knowledge/scripts/bucket_overview.py,arquivo,,8,39,22,44,47,66,230.1307,366.6029,4.5128,1654.4129,91.9118,0.1222
build/lib/datachain/lib/model_store.py,arquivo,,8,41,23,45,49,68,243.6596,381.8003,4.3902,1676.1963,93.122,0.1273
src/datachain/lib/model_store.py,arquivo,,8,41,23,45,49,68,243.6596,381.8003,4.3902,1676.1963,93.122,0.1273
build/lib/datachain/skill/knowledge/scripts/render_index.py,arquivo,,8,41,26,44,49,70,243.6596,393.0297,4.2927,1687.1518,93.7307,0.131
src/datachain/skill/knowledge/scripts/render_index.py,arquivo,,8,41,26,44,49,70,243.6596,393.0297,4.2927,1687.1518,93.7307,0.131
tests/unit/test_metastore.py,arquivo,,5,55,33,66,60,99,329.5844,584.7822,3.0,1754.3465,97.4637,0.1949
build/lib/datachain/client/local.py,arquivo,,8,42,25,46,50,71,250.4773,400.7138,4.381,1755.508,97.5282,0.1336
src/datachain/client/local.py,arquivo,,8,42,25,46,50,71,250.4773,400.7138,4.381,1755.508,97.5282,0.1336
tests/test_atomicity.py,arquivo,,7,46,27,52,53,79,273.7353,452.5057,3.9565,1790.3487,99.4638,0.1508
tests/unit/lib/test_utils.py,arquivo,,4,79,43,86,83,129,505.9987,822.3801,2.1772,1790.4984,99.4721,0.2741
build/lib/datachain/node.py,arquivo,,10,26,19,34,36,53,155.4307,274.006,6.5385,1791.5779,99.5321,0.0913
src/datachain/node.py,arquivo,,10,26,19,34,36,53,155.4307,274.006,6.5385,1791.5779,99.5321,0.0913
src/datachain/lib/dc/storage.py,arquivo,,8,33,24,42,41,66,190.465,353.5984,5.0909,1800.1375,100.0076,0.1179
build/lib/datachain/client/s3.py,arquivo,,9,36,23,41,45,64,214.6466,351.4786,5.125,1801.3278,100.0738,0.1172
src/datachain/client/s3.py,arquivo,,9,36,23,41,45,64,214.6466,351.4786,5.125,1801.3278,100.0738,0.1172
build/lib/datachain/semver.py,arquivo,,10,28,20,35,38,55,167.8252,288.636,6.25,1803.9751,100.2208,0.0962
src/datachain/semver.py,arquivo,,10,28,20,35,38,55,167.8252,288.636,6.25,1803.9751,100.2208,0.0962
build/lib/datachain/fs/utils.py,arquivo,,8,49,26,50,57,76,299.1208,443.2996,4.0816,1809.3863,100.5215,0.1478
src/datachain/fs/utils.py,arquivo,,8,49,26,50,57,76,299.1208,443.2996,4.0816,1809.3863,100.5215,0.1478
tests/func/test_hf.py,arquivo,,6,45,29,57,51,86,262.6432,487.8286,3.8,1853.7486,102.986,0.1626
tests/unit/test_dataset.py,arquivo,,3,72,49,98,75,147,448.9895,915.6363,2.0417,1869.4242,103.8569,0.3052
build/lib/datachain/asyn.py,arquivo,,10,30,20,37,40,57,180.426,303.3499,6.1667,1870.6577,103.9254,0.1011
src/datachain/asyn.py,arquivo,,10,30,20,37,40,57,180.426,303.3499,6.1667,1870.6577,103.9254,0.1011
tests/func/functions/test_array.py,arquivo,,7,41,28,51,48,79,239.3111,441.212,4.3537,1920.8866,106.7159,0.1471
tests/func/test_data_storage.py,arquivo,,5,65,37,74,70,111,403.0635,680.3504,2.8462,1936.382,107.5768,0.2268
build/lib/datachain/json.py,arquivo,,9,39,23,45,48,68,234.66,379.7775,5.1923,1971.9214,109.5512,0.1266
src/datachain/json.py,arquivo,,9,39,23,45,48,68,234.66,379.7775,5.1923,1971.9214,109.5512,0.1266
build/lib/datachain/lib/clip.py,arquivo,,7,23,23,44,30,67,123.6934,328.7617,6.6957,2201.2738,122.293,0.1096
src/datachain/lib/clip.py,arquivo,,7,23,23,44,30,67,123.6934,328.7617,6.6957,2201.2738,122.293,0.1096
build/lib/datachain/lib/convert/python_to_sql.py,arquivo,,8,49,28,56,57,84,299.1208,489.9628,4.5714,2239.8298,124.435,0.1633
tests/unit/lib/test_udf.py,arquivo,,4,66,45,90,70,135,406.93,827.4532,2.7273,2256.6906,125.3717,0.2758
build/lib/datachain/lib/udf.py,arquivo,,9,47,31,51,56,82,289.595,476.2031,4.883,2325.2896,129.1828,0.1587
src/datachain/skill/knowledge/scripts/dataset.py,arquivo,,6,41,31,62,47,93,235.1694,516.5768,4.5366,2343.4946,130.1941,0.1722
src/datachain/lib/convert/python_to_sql.py,arquivo,,8,56,31,62,64,93,349.2119,558.0,4.4286,2471.1429,137.2857,0.186
tests/func/test_local_db_migration.py,arquivo,,7,61,35,70,68,105,381.4265,639.1836,4.0164,2567.2128,142.6229,0.2131
build/lib/datachain/diff/__init__.py,arquivo,,10,48,28,53,58,81,301.2975,474.4965,5.5208,2619.6159,145.5342,0.1582
tests/func/test_audio.py,arquivo,,9,37,26,51,46,77,221.2791,425.3143,6.2027,2638.098,146.561,0.1418
build/lib/datachain/toolkit/split.py,arquivo,,12,24,19,37,36,56,153.0587,289.5158,9.25,2678.0212,148.779,0.0965
src/datachain/toolkit/split.py,arquivo,,12,24,19,37,36,56,153.0587,289.5158,9.25,2678.0212,148.779,0.0965
build/lib/datachain/data_storage/schema.py,arquivo,,11,35,24,45,46,69,217.5787,381.1258,7.0714,2695.1037,149.728,0.127
src/datachain/data_storage/schema.py,arquivo,,11,35,24,45,46,69,217.5787,381.1258,7.0714,2695.1037,149.728,0.127
build/lib/datachain/remote/studio.py,arquivo,,8,59,35,66,67,101,371.0759,612.675,4.4746,2741.4611,152.3034,0.2042
src/datachain/remote/studio.py,arquivo,,8,59,35,66,67,101,371.0759,612.675,4.4746,2741.4611,152.3034,0.2042
tests/unit/test_batching.py,arquivo,,7,56,39,69,63,108,344.8634,645.5462,4.3125,2783.9181,154.6621,0.2152
src/datachain/lib/udf.py,arquivo,,9,56,36,61,65,97,353.7412,584.1697,4.9018,2863.4746,159.0819,0.1947
tests/func/test_client.py,arquivo,,5,89,51,102,94,153,587.9499,1002.8521,2.8652,2873.3403,159.63,0.3343
tests/func/test_pull.py,arquivo,,5,78,49,98,83,147,501.871,937.1308,3.141,2943.5519,163.5307,0.3124
src/datachain/lib/arrow.py,arquivo,,10,54,31,59,64,90,343.9832,540.0,5.463,2950.0,163.8889,0.18
tests/unit/test_dataset_status_management.py,arquivo,,6,61,41,82,67,123,377.2848,746.129,4.0328,3008.9791,167.1655,0.2487
build/lib/datachain/lib/udf_signature.py,arquivo,,9,51,34,61,60,95,317.823,561.1546,5.3824,3020.3321,167.7962,0.1871
src/datachain/lib/udf_signature.py,arquivo,,9,51,34,61,60,95,317.823,561.1546,5.3824,3020.3321,167.7962,0.1871
build/lib/datachain/delta.py,arquivo,,9,49,33,61,58,94,303.6501,550.6502,5.602,3084.765,171.3758,0.1836
src/datachain/delta.py,arquivo,,9,49,33,61,58,94,303.6501,550.6502,5.602,3084.765,171.3758,0.1836
build/lib/datachain/query/session.py,arquivo,,11,46,28,54,57,82,292.1376,478.297,6.4565,3088.1349,171.563,0.1594
src/datachain/query/session.py,arquivo,,11,46,28,54,57,82,292.1376,478.297,6.4565,3088.1349,171.563,0.1594
build/lib/datachain/lib/convert/values_to_tuples.py,arquivo,,11,42,30,51,53,81,264.5311,463.9616,6.6786,3098.6004,172.1445,0.1547
tests/unit/test_listing.py,arquivo,,7,76,44,84,83,128,494.494,816.005,3.8684,3156.6511,175.3695,0.272
tests/unit/test_datachain_hash.py,arquivo,,8,70,39,77,78,116,453.0498,729.1067,4.4,3208.0693,178.2261,0.243
tests/unit/test_query_steps_hash.py,arquivo,,6,93,51,102,99,153,623.6515,1014.2916,3.2903,3337.3464,185.4081,0.3381
build/lib/datachain/lib/settings.py,arquivo,,7,53,41,77,60,118,323.2313,697.0131,5.0849,3544.2458,196.9025,0.2323
build/lib/datachain/lib/data_model.py,arquivo,,9,72,40,78,81,118,472.7639,748.1023,4.875,3646.9987,202.611,0.2494
tests/func/checkpoints/test_checkpoint_cleanup.py,arquivo,,6,76,50,99,82,149,490.3523,947.2752,3.9079,3701.852,205.6584,0.3158
tests/func/test_storage_pattern.py,arquivo,,6,85,53,104,91,157,560.308,1021.7238,3.6706,3750.3272,208.3515,0.3406
src/datachain/lib/convert/values_to_tuples.py,arquivo,,12,44,32,55,56,87,283.2345,505.2399,7.5,3789.2991,210.5166,0.1684
src/datachain/diff/__init__.py,arquivo,,10,54,37,67,64,104,343.9832,624.0,6.2037,3871.1111,215.0617,0.208
src/datachain/skill/knowledge/scripts/dataset_all.py,arquivo,,11,50,34,62,61,96,320.2466,569.3508,6.82,3882.9723,215.7207,0.1898
tests/func/checkpoints/test_checkpoint_invalidation.py,arquivo,,8,75,44,88,83,132,491.1614,841.5052,4.6933,3949.4644,219.4147,0.2805
build/lib/datachain/lib/dc/database.py,arquivo,,10,53,37,68,63,105,336.7991,627.6144,6.4151,4026.2055,223.6781,0.2092
src/datachain/lib/dc/database.py,arquivo,,10,53,37,68,63,105,336.7991,627.6144,6.4151,4026.2055,223.6781,0.2092
src/datachain/cli/commands/skill.py,arquivo,,9,53,39,72,62,111,332.1091,660.9158,6.1132,4040.3154,224.462,0.2203
build/lib/datachain/cli/commands/skill.py,arquivo,,9,50,37,71,59,108,310.7221,635.3254,6.39,4059.7296,225.5405,0.2118
tests/func/test_retry.py,arquivo,,6,102,58,117,108,175,696.0972,1182.1053,3.4412,4067.833,225.9907,0.394
build/lib/datachain/lib/listing.py,arquivo,,12,57,37,65,69,102,375.4943,623.0695,6.8421,4263.1071,236.8393,0.2077
src/datachain/lib/listing.py,arquivo,,12,57,37,65,69,102,375.4943,623.0695,6.8421,4263.1071,236.8393,0.2077
build/lib/datachain/lib/meta_formats.py,arquivo,,11,42,35,60,53,95,264.5311,544.1524,7.8571,4275.4835,237.5269,0.1814
src/datachain/lib/meta_formats.py,arquivo,,11,42,35,60,53,95,264.5311,544.1524,7.8571,4275.4835,237.5269,0.1814
build/lib/datachain/skill/knowledge/scripts/plan.py,arquivo,,11,66,41,76,77,117,436.9838,733.214,6.3333,4643.6888,257.9827,0.2444
src/datachain/lib/data_model.py,arquivo,,10,83,47,91,93,138,562.3476,902.4039,5.4819,4946.913,274.8285,0.3008
tests/unit/lib/test_audio.py,arquivo,,7,119,65,128,126,193,840.1348,1346.615,3.7647,5069.6095,281.645,0.4489
src/datachain/skill/knowledge/scripts/plan.py,arquivo,,12,68,42,78,80,120,456.967,758.6314,6.8824,5221.1689,290.0649,0.2529
build/lib/datachain/skill/jobs/scripts/jobs.py,arquivo,,12,77,44,85,89,129,525.5621,835.3696,6.6234,5532.9676,307.3871,0.2785
src/datachain/skill/jobs/scripts/jobs.py,arquivo,,12,83,46,88,95,134,572.1478,880.3607,6.3614,5600.3666,311.1315,0.2935
build/lib/datachain/query/dispatch.py,arquivo,,15,42,33,59,57,92,285.0807,536.6259,10.5357,5653.737,314.0965,0.1789
build/lib/datachain/client/fsspec.py,arquivo,,12,56,41,75,68,116,368.2314,706.1457,8.0357,5674.385,315.2436,0.2354
src/datachain/client/fsspec.py,arquivo,,12,56,41,75,68,116,368.2314,706.1457,8.0357,5674.385,315.2436,0.2354
build/lib/datachain/skill/knowledge/scripts/utils.py,arquivo,,11,75,49,88,86,137,505.2151,880.3983,6.4533,5681.5035,315.6391,0.2935
src/datachain/skill/knowledge/scripts/utils.py,arquivo,,11,75,49,88,86,137,505.2151,880.3983,6.4533,5681.5035,315.6391,0.2935
build/lib/datachain/skill/knowledge/scripts/dataset_all.py,arquivo,,11,48,40,74,59,114,306.1319,670.6213,8.4792,5686.3098,315.9061,0.2235
src/datachain/query/dispatch.py,arquivo,,15,45,34,61,60,95,305.7367,561.1546,10.1667,5705.0718,316.9484,0.1871
tests/conftest.py,arquivo,,13,60,39,75,73,114,402.5192,705.64,8.125,5733.325,318.5181,0.2352
tests/func/test_mutate.py,arquivo,,10,94,52,104,104,156,649.3506,1045.2686,5.5319,5782.3369,321.2409,0.3484
build/lib/datachain/lib/audio.py,arquivo,,14,29,29,54,43,83,194.1844,450.38,13.0345,5870.47,326.1372,0.1501
src/datachain/lib/audio.py,arquivo,,14,29,29,54,43,83,194.1844,450.38,13.0345,5870.47,326.1372,0.1501
build/lib/datachain/lib/webdataset.py,arquivo,,8,34,40,79,42,119,196.9737,641.6858,9.2941,5963.9031,331.3279,0.2139
src/datachain/lib/webdataset.py,arquivo,,8,34,40,79,42,119,196.9737,641.6858,9.2941,5963.9031,331.3279,0.2139
tests/func/test_file.py,arquivo,,7,109,70,136,116,206,757.3836,1412.7441,4.367,6169.4145,342.7453,0.4709
tests/unit/lib/test_settings.py,arquivo,,4,120,97,189,124,286,836.8269,1988.9001,3.15,6265.0355,348.0575,0.663
build/lib/datachain/skill/knowledge/scripts/dataset.py,arquivo,,9,36,41,80,45,121,214.6466,664.5142,10.0,6645.1422,369.1746,0.2215
tests/func/checkpoints/test_checkpoint_events.py,arquivo,,6,141,86,172,147,258,1022.1865,1857.5155,3.6596,6797.7162,377.6509,0.6192
tests/unit/lib/test_optional.py,arquivo,,7,137,83,157,144,240,992.0819,1720.782,4.0109,6901.9687,383.4427,0.5736
tests/utils.py,arquivo,,15,57,40,75,72,115,391.0781,709.5414,9.8684,7002.053,389.0029,0.2365
tests/func/test_to_storage.py,arquivo,,10,83,55,109,93,164,562.3476,1072.422,6.5663,7041.8074,391.2115,0.3575
tests/unit/lib/test_partition_by.py,arquivo,,7,167,88,176,174,264,1252.7301,1964.9371,3.6886,7247.9116,402.6618,0.655
src/datachain/lib/settings.py,arquivo,,7,75,69,129,82,198,486.8129,1258.7953,6.02,7577.9477,420.9971,0.4196
src/datachain/lib/utils.py,arquivo,,13,84,51,100,97,151,585.0604,996.5868,7.7381,7711.6839,428.4269,0.3322
tests/unit/test_client_local.py,arquivo,,6,142,94,184,148,278,1030.7739,2004.228,3.8873,7791.0836,432.838,0.6681
tests/unit/test_signal_schema_partials.py,arquivo,,6,179,102,204,185,306,1355.1128,2304.6027,3.419,7879.4238,437.7458,0.7682
build/lib/datachain/lib/utils.py,arquivo,,13,76,50,98,89,148,522.9482,958.4085,8.3816,8032.9769,446.2765,0.3195
tests/func/test_read_dataset_remote.py,arquivo,,9,136,76,151,145,227,992.4243,1629.8394,4.9963,8143.2048,452.4003,0.5433
tests/func/test_listing.py,arquivo,,12,90,57,112,102,169,627.2863,1127.6399,7.4667,8419.7111,467.7617,0.3759
tests/func/test_retrieval.py,arquivo,,10,148,81,162,158,243,1100.2184,1774.8187,5.473,9713.5349,539.6408,0.5916
build/lib/datachain/model/utils.py,arquivo,,8,164,97,192,172,289,1230.6385,2146.1905,4.6829,10050.4531,558.3585,0.7154
src/datachain/model/utils.py,arquivo,,8,164,97,192,172,289,1230.6385,2146.1905,4.6829,10050.4531,558.3585,0.7154
build/lib/datachain/func/func.py,arquivo,,17,107,58,109,124,167,790.8238,1161.3508,8.6589,10055.9953,558.6664,0.3871
tests/unit/test_hash_utils.py,arquivo,,10,151,88,174,161,262,1126.2184,1920.7002,5.7616,11066.286,614.7937,0.6402
build/lib/datachain/data_storage/sqlite.py,arquivo,,17,105,64,119,122,183,774.4826,1268.3249,9.6333,12218.1969,678.7887,0.4228
src/datachain/data_storage/sqlite.py,arquivo,,17,105,64,119,122,183,774.4826,1268.3249,9.6333,12218.1969,678.7887,0.4228
tests/func/test_delta.py,arquivo,,9,198,113,226,207,339,1539.1419,2608.0921,5.1364,13396.1093,744.2283,0.8694
src/datachain/studio.py,arquivo,,15,130,87,142,145,229,971.5112,1644.1992,8.1923,13469.7856,748.3214,0.5481
build/lib/datachain/skill/knowledge/scripts/bucket_scan.py,arquivo,,16,94,67,125,110,192,680.1314,1302.0211,10.6383,13851.2879,769.516,0.434
src/datachain/skill/knowledge/scripts/bucket_scan.py,arquivo,,16,94,67,125,110,192,680.1314,1302.0211,10.6383,13851.2879,769.516,0.434
src/datachain/func/func.py,arquivo,,18,130,72,136,148,208,987.9665,1499.5663,9.4154,14118.9935,784.3885,0.4999
tests/unit/test_utils.py,arquivo,,9,187,118,225,196,343,1439.7986,2611.8455,5.4144,14141.6767,785.6487,0.8706
tests/unit/lib/test_datachain_merge.py,arquivo,,9,142,106,208,151,314,1043.7934,2272.8591,6.5915,14981.6627,832.3146,0.7576
build/lib/datachain/lib/dc/storage_pattern.py,arquivo,,14,98,77,146,112,223,701.5445,1518.0401,10.4286,15830.9901,879.4995,0.506
src/datachain/lib/dc/storage_pattern.py,arquivo,,14,98,77,146,112,223,701.5445,1518.0401,10.4286,15830.9901,879.4995,0.506
tests/unit/test_cli_skill.py,arquivo,,7,262,168,324,269,492,2124.4083,3971.1595,4.3282,17188.1483,954.8971,1.3237
build/lib/datachain/studio.py,arquivo,,14,145,105,176,159,281,1094.3898,2054.9201,8.4966,17459.735,969.9853,0.685
build/lib/datachain/sql/sqlite/base.py,arquivo,,18,103,73,141,121,214,763.7682,1480.6367,12.3204,18242.0196,1013.4455,0.4935
tests/func/test_dataset_query.py,arquivo,,11,234,129,258,245,387,1879.7191,3071.4789,6.0641,18625.763,1034.7646,1.0238
src/datachain/sql/sqlite/base.py,arquivo,,18,107,75,145,125,220,796.3956,1532.4725,12.1963,18690.4362,1038.3576,0.5108
tests/unit/lib/test_file.py,arquivo,,8,257,161,317,265,478,2081.4455,3847.8276,4.9339,18984.6125,1054.7007,1.2826
tests/func/test_to_database.py,arquivo,,12,216,123,243,228,366,1718.0753,2866.8377,6.75,19351.1548,1075.0642,0.9556
tests/func/test_datasets.py,arquivo,,10,228,142,282,238,424,1819.1182,3347.4027,6.1842,20701.0432,1150.058,1.1158
tests/func/test_catalog.py,arquivo,,10,212,148,281,222,429,1671.5384,3343.8044,6.6274,22160.5905,1231.1439,1.1146
build/lib/datachain/data_storage/warehouse.py,arquivo,,18,155,101,184,173,285,1202.8579,2118.869,10.6839,22637.7235,1257.6513,0.7063
src/datachain/data_storage/warehouse.py,arquivo,,18,155,101,184,173,285,1202.8579,2118.869,10.6839,22637.7235,1257.6513,0.7063
tests/test_cli_studio.py,arquivo,,9,332,188,376,341,564,2809.0424,4745.2862,5.0964,24183.8077,1343.5449,1.5818
build/lib/datachain/utils.py,arquivo,,19,119,91,168,138,259,901.1939,1841.1078,13.4118,24692.5051,1371.8058,0.6137
src/datachain/utils.py,arquivo,,19,119,91,168,138,259,901.1939,1841.1078,13.4118,24692.5051,1371.8058,0.6137
build/lib/datachain/dataset.py,arquivo,,15,131,110,197,146,307,979.9818,2207.2761,11.2786,24895.042,1383.0579,0.7358
src/datachain/dataset.py,arquivo,,15,131,110,197,146,307,979.9818,2207.2761,11.2786,24895.042,1383.0579,0.7358
tests/func/checkpoints/test_checkpoint_workflows.py,arquivo,,12,216,145,289,228,434,1718.0753,3399.4743,8.0278,27290.224,1516.1236,1.1332
tests/func/test_datachain.py,arquivo,,12,281,162,324,293,486,2328.7933,3982.6518,6.9181,27552.5806,1530.6989,1.3276
build/lib/datachain/lib/dc/datachain.py,arquivo,,14,229,156,273,243,429,1848.4806,3399.7446,8.345,28370.7942,1576.1552,1.1332
src/datachain/lib/dc/datachain.py,arquivo,,14,247,162,285,261,447,2016.5497,3588.474,8.0769,28983.8283,1610.2127,1.1962
build/lib/datachain/lib/file.py,arquivo,,17,146,117,216,163,333,1119.2013,2447.1265,12.5753,30773.4535,1709.6363,0.8157
src/datachain/lib/file.py,arquivo,,17,148,118,218,165,336,1136.486,2475.0843,12.5203,30988.7239,1721.5958,0.825
tests/unit/lib/test_signal_schema.py,arquivo,,9,425,243,486,434,729,3739.3399,6387.1708,5.1459,32867.6298,1825.9794,2.1291
build/lib/datachain/lib/video.py,arquivo,,19,151,111,216,170,327,1173.7097,2422.8708,13.5894,32925.3706,1829.1873,0.8076
src/datachain/lib/video.py,arquivo,,19,151,111,216,170,327,1173.7097,2422.8708,13.5894,32925.3706,1829.1873,0.8076
build/lib/datachain/skill/knowledge/scripts/summary.py,arquivo,,17,176,132,251,193,383,1382.3468,2907.911,12.1222,35250.1603,1958.3422,0.9693
src/datachain/skill/knowledge/scripts/summary.py,arquivo,,17,176,132,251,193,383,1382.3468,2907.911,12.1222,35250.1603,1958.3422,0.9693
tests/func/checkpoints/test_checkpoint_recovery.py,arquivo,,17,233,145,286,250,431,1901.8422,3433.253,10.4335,35820.7644,1990.0425,1.1444
tests/unit/test_skill_knowledge_scripts.py,arquivo,,12,407,229,446,419,675,3571.2557,5879.7943,6.5749,38659.2866,2147.7381,1.9599
tests/func/test_udf.py,arquivo,,19,230,143,280,249,423,1885.1733,3367.0808,11.5652,38941.0216,2163.3901,1.1224
tests/func/test_video.py,arquivo,,17,310,173,339,327,512,2635.0854,4276.8112,9.2952,39753.6497,2208.5361,1.4256
tests/func/test_metastore.py,arquivo,,11,303,212,420,314,632,2535.7355,5242.2003,7.6238,39965.2895,2220.2939,1.7474
build/lib/datachain/lib/signal_schema.py,arquivo,,16,302,196,370,318,566,2551.9982,4705.0918,9.8013,46116.1311,2562.0073,1.5684
build/lib/datachain/catalog/catalog.py,arquivo,,17,263,190,338,280,528,2183.7226,4292.2614,10.924,46888.468,2604.9149,1.4308
src/datachain/catalog/catalog.py,arquivo,,17,257,190,339,274,529,2126.9324,4283.859,11.2121,48030.8935,2668.383,1.428
tests/func/test_optional.py,arquivo,,15,393,227,447,408,674,3445.6289,5845.2147,8.5305,49862.8046,2770.1558,1.9484
src/datachain/lib/signal_schema.py,arquivo,,16,336,219,412,352,631,2883.8187,5337.9014,9.8095,52362.2704,2909.015,1.7793
build/lib/datachain/data_storage/metastore.py,arquivo,,16,341,244,443,357,687,2933.0471,5825.609,10.393,60545.3327,3363.6296,1.9419
src/datachain/data_storage/metastore.py,arquivo,,16,341,244,443,357,687,2933.0471,5825.609,10.393,60545.3327,3363.6296,1.9419
src/datachain/query/dataset.py,arquivo,,18,307,227,422,325,649,2611.5218,5415.448,12.3713,66996.3247,3722.018,1.8051
build/lib/datachain/query/dataset.py,arquivo,,18,303,236,442,321,678,2572.7404,5645.3192,13.1287,74115.7747,4117.543,1.8818
tests/unit/test_func.py,arquivo,,20,634,420,840,654,1260,5987.9255,11784.965,13.2492,156141.4921,8674.5273,3.9283
tests/unit/lib/test_datachain.py,arquivo,,24,1507,879,1746,1531,2625,16020.1369,27773.1787,13.9031,386133.8029,21451.8779,9.2577
