arquivo,loc,lloc,sloc,comments,multi,blank,single_comments
build/lib/datachain/fs/__init__.py,0,0,0,0,0,0,0
build/lib/datachain/lib/__init__.py,0,0,0,0,0,0,0
build/lib/datachain/lib/convert/__init__.py,0,0,0,0,0,0,0
build/lib/datachain/remote/__init__.py,0,0,0,0,0,0,0
build/lib/datachain/skill/__init__.py,0,0,0,0,0,0,0
build/lib/datachain/skill/jobs/__init__.py,0,0,0,0,0,0,0
build/lib/datachain/skill/jobs/scripts/__init__.py,0,0,0,0,0,0,0
build/lib/datachain/skill/knowledge/__init__.py,0,0,0,0,0,0,0
build/lib/datachain/skill/knowledge/scripts/__init__.py,0,0,0,0,0,0,0
build/lib/datachain/sql/functions/__init__.py,0,0,0,0,0,0,0
src/datachain/fs/__init__.py,0,0,0,0,0,0,0
src/datachain/lib/__init__.py,0,0,0,0,0,0,0
src/datachain/lib/convert/__init__.py,0,0,0,0,0,0,0
src/datachain/remote/__init__.py,0,0,0,0,0,0,0
src/datachain/skill/__init__.py,0,0,0,0,0,0,0
src/datachain/skill/jobs/__init__.py,0,0,0,0,0,0,0
src/datachain/skill/jobs/scripts/__init__.py,0,0,0,0,0,0,0
src/datachain/skill/knowledge/__init__.py,0,0,0,0,0,0,0
src/datachain/skill/knowledge/scripts/__init__.py,0,0,0,0,0,0,0
src/datachain/sql/functions/__init__.py,0,0,0,0,0,0,0
tests/__init__.py,1,1,0,0,0,0,1
tests/benchmarks/__init__.py,0,0,0,0,0,0,0
tests/examples/__init__.py,0,0,0,0,0,0,0
tests/func/__init__.py,0,0,0,0,0,0,0
tests/func/checkpoints/__init__.py,0,0,0,0,0,0,0
tests/func/functions/__init__.py,0,0,0,0,0,0,0
tests/func/model/__init__.py,0,0,0,0,0,0,0
tests/unit/__init__.py,0,0,0,0,0,0,0
tests/unit/lib/__init__.py,0,0,0,0,0,0,0
tests/unit/model/__init__.py,0,0,0,0,0,0,0
tests/unit/sql/__init__.py,0,0,0,0,0,0,0
tests/unit/sql/sqlite/__init__.py,0,0,0,0,0,0,0
build/lib/datachain/sql/default/__init__.py,3,2,2,0,0,1,0
build/lib/datachain/toolkit/__init__.py,3,2,2,0,0,1,0
src/datachain/sql/default/__init__.py,3,2,2,0,0,1,0
src/datachain/toolkit/__init__.py,3,2,2,0,0,1,0
build/lib/datachain/sql/postgresql_dialect.py,9,4,3,1,3,2,1
src/datachain/sql/postgresql_dialect.py,9,4,3,1,3,2,1
build/lib/datachain/__main__.py,6,4,4,0,0,2,0
build/lib/datachain/func/random.py,23,5,4,0,13,6,0
src/datachain/__main__.py,6,4,4,0,0,2,0
src/datachain/func/random.py,23,5,4,0,13,6,0
build/lib/datachain/model/__init__.py,6,5,5,0,0,1,0
build/lib/datachain/sql/functions/conditional.py,9,5,5,2,0,4,0
src/datachain/model/__init__.py,6,5,5,0,0,1,0
src/datachain/sql/functions/conditional.py,9,5,5,2,0,4,0
tests/benchmarks/conftest.py,8,5,5,0,0,3,0
tests/benchmarks/test_version.py,7,5,5,0,0,2,0
tests/benchmarks/test_ls.py,9,5,6,1,0,2,1
tests/unit/sql/test_random.py,8,6,6,0,0,2,0
build/lib/datachain/sql/postgresql_types.py,21,11,7,0,4,7,3
build/lib/datachain/sql/functions/random.py,12,7,7,1,0,5,0
src/datachain/sql/postgresql_types.py,21,11,7,0,4,7,3
src/datachain/sql/functions/random.py,12,7,7,1,0,5,0
build/lib/datachain/client/__init__.py,24,9,8,0,10,6,0
src/datachain/client/__init__.py,24,9,8,0,10,6,0
build/lib/datachain/cli/commands/index.py,12,5,9,0,0,3,0
src/datachain/cli/commands/index.py,12,5,9,0,0,3,0
build/lib/datachain/cli/commands/du.py,14,11,10,0,0,4,0
build/lib/datachain/data_storage/__init__.py,11,4,10,0,0,1,0
build/lib/datachain/func/path.py,122,14,10,0,84,28,0
build/lib/datachain/sql/sqlite/__init__.py,11,2,10,0,0,1,0
src/datachain/cli/commands/du.py,14,11,10,0,0,4,0
src/datachain/data_storage/__init__.py,11,4,10,0,0,1,0
src/datachain/func/path.py,122,14,10,0,84,28,0
src/datachain/sql/sqlite/__init__.py,11,2,10,0,0,1,0
build/lib/datachain/plugins.py,24,12,11,2,5,7,1
examples/get_started/udfs/simple.py,21,7,11,6,0,4,6
src/datachain/plugins.py,24,12,11,2,5,7,1
tests/func/test_read_csv.py,17,13,11,0,0,6,0
build/lib/datachain/cli/commands/bucket.py,21,13,12,0,4,5,0
build/lib/datachain/sql/__init__.py,16,7,12,2,0,3,1
src/datachain/cli/commands/bucket.py,21,13,12,0,4,5,0
src/datachain/sql/__init__.py,16,7,12,2,0,3,1
tests/unit/sql/sqlite/test_utils.py,15,5,12,0,0,3,0
build/lib/datachain/fs/reference.py,21,13,13,5,0,4,4
build/lib/datachain/model/ultralytics/__init__.py,27,5,13,0,10,4,0
build/lib/datachain/query/__init__.py,14,5,13,0,0,1,0
src/datachain/fs/reference.py,21,13,13,5,0,4,4
src/datachain/model/ultralytics/__init__.py,27,5,13,0,10,4,0
src/datachain/query/__init__.py,14,5,13,0,0,1,0
tests/test_telemetry.py,20,14,13,0,0,7,0
build/lib/datachain/sql/sqlite/vector.py,23,18,14,0,0,9,0
examples/computer_vision/ultralytics-bbox.py,19,8,14,0,0,5,0
examples/computer_vision/ultralytics-pose.py,19,8,14,0,0,5,0
examples/computer_vision/ultralytics-segment.py,19,8,14,0,0,5,0
src/datachain/sql/sqlite/vector.py,23,18,14,0,0,9,0
tests/func/functions/test_random.py,17,7,14,1,0,3,0
tests/scripts/feature_class.py,19,10,14,0,0,5,0
tests/unit/lib/test_schema.py,19,6,15,0,0,4,0
build/lib/datachain/catalog/__init__.py,17,3,16,0,0,1,0
build/lib/datachain/query/metrics.py,25,19,16,1,0,7,2
src/datachain/catalog/__init__.py,17,3,16,0,0,1,0
src/datachain/query/metrics.py,25,19,16,1,0,7,2
tests/func/test_metrics.py,23,17,16,0,0,7,0
build/lib/datachain/query/queue.py,42,19,17,7,12,6,7
build/lib/datachain/skill/knowledge/scripts/db_mtime.py,27,18,17,3,0,6,4
examples/get_started/udfs/parallel.py,39,12,17,6,8,9,5
src/datachain/query/queue.py,42,19,17,7,12,6,7
src/datachain/skill/knowledge/scripts/db_mtime.py,27,18,17,3,0,6,4
tests/func/test_bucket_status.py,22,17,17,0,0,5,0
extract_score_before_pylint.py,23,13,18,0,0,5,0
examples/incremental_processing/utils.py,41,20,18,1,13,9,1
tests/func/test_session.py,28,18,18,2,0,8,2
build/lib/datachain/lib/convert/sql_to_python.py,22,17,19,1,0,3,0
build/lib/datachain/sql/utils.py,23,15,19,0,0,4,0
build/lib/datachain/torch/__init__.py,21,8,19,0,0,2,0
src/datachain/lib/convert/sql_to_python.py,22,17,19,1,0,3,0
src/datachain/sql/utils.py,23,15,19,0,0,4,0
src/datachain/torch/__init__.py,21,8,19,0,0,2,0
tests/benchmarks/test_datachain.py,22,9,19,3,0,3,0
tests/unit/test_query_metrics.py,29,20,19,0,0,10,0
build/lib/datachain/telemetry.py,37,21,20,4,3,10,4
build/lib/datachain/func/base.py,26,18,20,0,0,6,0
build/lib/datachain/lib/listing_info.py,29,21,20,1,0,7,2
build/lib/datachain/query/params.py,26,22,20,1,0,5,1
build/lib/datachain/sql/default/base.py,25,12,20,1,0,5,0
src/datachain/telemetry.py,37,21,20,4,3,10,4
src/datachain/func/base.py,26,18,20,0,0,6,0
src/datachain/lib/listing_info.py,29,21,20,1,0,7,2
src/datachain/query/params.py,26,22,20,1,0,5,1
src/datachain/sql/default/base.py,25,12,20,1,0,5,0
build/lib/datachain/data_storage/job.py,26,21,21,0,0,5,0
build/lib/datachain/func/window.py,56,14,21,0,24,10,1
src/datachain/data_storage/job.py,26,21,21,0,0,5,0
src/datachain/func/window.py,56,14,21,0,24,10,1
tests/scripts/feature_class_parallel.py,30,18,21,1,0,9,0
tests/scripts/name_len_slow.py,40,17,21,11,0,8,11
tests/unit/lib/test_sql_to_python.py,24,8,21,3,0,3,0
tests/unit/sql/test_selectable.py,27,12,21,0,0,6,0
tests/scripts/feature_class_exception.py,39,18,22,9,0,8,9
tests/scripts/feature_class_parallel_data_model.py,30,19,22,1,0,8,0
build/lib/datachain/progress.py,45,25,24,3,6,12,3
src/datachain/progress.py,45,25,24,3,6,12,3
tests/unit/test_client.py,33,24,24,0,0,9,0
tests/unit/test_job.py,28,8,24,0,0,3,1
build/lib/datachain/cli/commands/__init__.py,26,9,25,0,0,1,0
src/datachain/cli/commands/__init__.py,26,9,25,0,0,1,0
build/lib/datachain/lib/text.py,44,21,26,0,9,9,0
build/lib/datachain/sql/functions/aggregate.py,60,31,26,5,16,18,0
build/lib/datachain/sql/functions/conversion.py,31,18,26,1,0,5,0
src/datachain/lib/text.py,44,21,26,0,9,9,0
src/datachain/sql/functions/aggregate.py,60,31,26,5,16,18,0
src/datachain/sql/functions/conversion.py,31,18,26,1,0,5,0
build/lib/datachain/sql/functions/path.py,61,32,27,4,17,17,0
examples/get_started/udfs/stateful.py,43,19,27,0,4,12,0
src/datachain/sql/functions/path.py,61,32,27,4,17,17,0
tests/unit/test_dispatch.py,38,29,27,0,0,11,0
build/lib/datachain/nodes_fetcher.py,37,28,28,1,0,9,0
build/lib/datachain/lib/tar.py,33,15,28,0,0,5,0
src/datachain/nodes_fetcher.py,37,28,28,1,0,9,0
src/datachain/lib/tar.py,33,15,28,0,0,5,0
build/lib/datachain/lib/dc/parquet.py,77,13,29,0,36,12,0
src/datachain/lib/dc/parquet.py,77,13,29,0,36,12,0
tests/unit/test_query_params.py,39,20,29,0,0,10,0
build/lib/datachain/sql/functions/numeric.py,55,32,30,7,6,19,0
examples/incremental_processing/delta.py,64,27,30,5,13,15,6
src/datachain/sql/functions/numeric.py,55,32,30,7,6,19,0
build/lib/datachain/skill/knowledge/scripts/list_datasets.py,43,29,31,1,0,11,1
examples/get_started/nested_datamodel.py,66,28,31,1,13,21,1
examples/multimodal/wds_filtered.py,50,18,31,4,8,7,4
src/datachain/skill/knowledge/scripts/list_datasets.py,43,29,31,1,0,11,1
build/lib/datachain/catalog/datasource.py,43,28,32,1,0,11,0
build/lib/datachain/cli/commands/misc.py,43,29,32,0,0,11,0
docs/api_hooks.py,42,13,32,6,0,5,5
src/datachain/catalog/datasource.py,43,28,32,1,0,11,0
src/datachain/cli/commands/misc.py,43,29,32,0,0,11,0
build/lib/datachain/model/segment.py,51,31,33,0,9,9,0
src/datachain/model/segment.py,51,31,33,0,9,9,0
tests/func/test_union.py,57,32,33,8,0,16,8
tests/unit/lib/test_listing_info.py,39,12,33,0,0,6,0
build/lib/datachain/lib/dc/hf.py,87,29,34,0,37,16,0
examples/multimodal/zarr-robot-frames.py,72,23,34,10,14,15,9
src/datachain/lib/dc/hf.py,87,29,34,0,37,16,0
tests/unit/lib/test_text.py,46,31,34,0,0,12,0
build/lib/datachain/lib/convert/flatten.py,48,29,35,1,0,12,1
build/lib/datachain/lib/dc/values.py,56,23,35,6,7,10,4
build/lib/datachain/lib/dc/zarr.py,73,20,35,6,21,11,6
src/datachain/lib/dc/values.py,56,23,35,6,7,10,4
src/datachain/lib/dc/zarr.py,73,20,35,6,21,11,6
build/lib/datachain/lib/dc/pandas.py,60,21,36,3,9,13,2
src/datachain/lib/dc/pandas.py,60,21,36,3,9,13,2
extract_metrics_before_codecarbon.py,67,29,38,16,0,14,15
build/lib/datachain/func/aggregate.py,420,46,38,0,290,92,0
examples/get_started/common_sql_functions.py,50,12,38,0,5,7,0
build/lib/datachain/semver.py,68,37,39,2,13,12,4
build/lib/datachain/sql/functions/string.py,78,45,39,6,18,21,0
src/datachain/semver.py,68,37,39,2,13,12,4
src/datachain/sql/functions/string.py,78,45,39,6,18,21,0
build/lib/datachain/cli/commands/show.py,48,25,40,0,0,8,0
src/datachain/cli/commands/show.py,48,25,40,0,0,8,0
build/lib/datachain/lib/dc/__init__.py,44,16,41,0,0,2,1
build/lib/datachain/toolkit/split.py,105,40,41,4,45,19,0
examples/computer_vision/openimage-detect.py,55,23,41,2,0,12,2
examples/multimodal/clip_inference.py,62,27,41,0,7,14,0
src/datachain/lib/dc/__init__.py,44,16,41,0,0,2,1
src/datachain/toolkit/split.py,105,40,41,4,45,19,0
build/lib/datachain/lib/projects.py,130,34,42,0,59,29,0
build/lib/datachain/skill/knowledge/scripts/cleanup_json.py,63,40,42,0,6,14,1
build/lib/datachain/sql/selectable.py,56,32,42,1,0,14,0
examples/multimodal/audio-to-text.py,72,24,42,8,7,16,7
src/datachain/lib/projects.py,130,34,42,0,59,29,0
src/datachain/skill/knowledge/scripts/cleanup_json.py,63,40,42,0,6,14,1
src/datachain/sql/selectable.py,56,32,42,1,0,14,0
tests/unit/test_catalog.py,53,22,42,1,3,7,1
build/lib/datachain/lib/namespaces.py,125,35,43,0,53,29,0
examples/computer_vision/llava2_image_desc_lib.py,71,28,43,9,4,15,9
examples/multimodal/wds.py,54,17,43,0,0,11,0
src/datachain/lib/namespaces.py,125,35,43,0,53,29,0
tests/unit/test_cli_datasets.py,64,29,43,0,0,16,5
tests/func/test_signal_schema.py,76,41,44,8,11,13,8
tests/unit/lib/test_python_to_sql.py,60,25,45,0,0,15,0
tests/unit/model/test_segment.py,53,15,46,0,0,7,0
build/lib/datachain/sql/functions/array.py,98,55,47,8,24,27,0
examples/multimodal/openai_image_desc_lib.py,59,25,47,0,0,12,0
src/datachain/sql/functions/array.py,98,55,47,8,24,27,0
tests/func/checkpoints/test_checkpoint_concurrency.py,71,50,47,0,4,19,1
tests/unit/lib/test_image.py,61,34,47,0,0,14,0
build/lib/datachain/query/udf.py,56,45,48,1,0,8,0
src/datachain/query/udf.py,56,45,48,1,0,8,0
tests/func/test_cli_show.py,66,44,48,0,0,18,0
tests/func/test_temp_table_tracking.py,72,50,48,0,0,24,0
tests/unit/test_fileslice.py,64,52,48,3,0,14,2
tests/unit/lib/test_clip.py,55,39,48,0,0,7,0
extract_metrics_before_pytest.py,68,32,49,7,0,12,7
build/lib/datachain/lib/dc/json.py,89,31,49,3,24,15,1
examples/get_started/json-csv-reader.py,76,48,49,10,0,17,10
src/datachain/lib/dc/json.py,89,31,49,3,24,15,1
examples/llm_and_nlp/claude-query.py,62,28,50,0,0,12,0
tests/func/test_hidden_field.py,72,45,50,0,0,22,0
build/lib/datachain/fs/utils.py,109,48,51,2,31,24,3
src/datachain/fs/utils.py,109,48,51,2,31,24,3
build/lib/datachain/lib/convert/unflatten.py,68,45,52,0,0,15,1
tests/unit/test_delta.py,69,35,52,0,0,17,0
tests/unit/sql/test_path.py,76,46,52,0,5,19,0
build/lib/datachain/sql/sqlite/types.py,84,54,54,2,0,28,2
src/datachain/sql/sqlite/types.py,84,54,54,2,0,28,2
tests/func/test_storage_auto_anon.py,73,31,54,4,0,13,6
tests/unit/test_meta_formats.py,67,30,54,0,0,13,0
tests/unit/sql/test_string.py,63,22,54,0,0,9,0
tests/unit/test_client_s3.py,79,40,55,0,0,24,0
build/lib/datachain/data_storage/buffer.py,96,57,57,4,18,16,5
src/datachain/data_storage/buffer.py,96,57,57,4,18,16,5
tests/unit/lib/conftest.py,75,56,57,1,0,18,0
build/lib/datachain/checkpoint.py,91,57,58,0,11,15,7
src/datachain/checkpoint.py,91,57,58,0,11,15,7
tests/unit/test_data_model.py,83,80,58,0,0,25,0
build/lib/datachain/cli/utils.py,85,39,59,1,6,20,0
build/lib/datachain/lib/webdataset_laion.py,76,67,59,5,0,13,4
examples/computer_vision/iptc_exif_xmp_lib.py,78,47,59,2,4,15,0
src/datachain/cli/utils.py,85,39,59,1,6,20,0
src/datachain/lib/webdataset_laion.py,76,67,59,5,0,13,4
build/lib/datachain/error.py,133,64,60,1,11,59,3
build/lib/datachain/lib/image.py,106,43,60,5,28,18,0
examples/llm_and_nlp/hf-dataset-llm-eval.py,83,35,60,8,0,15,8
src/datachain/error.py,133,64,60,1,11,59,3
src/datachain/lib/image.py,106,43,60,5,28,18,0
tests/func/test_similarity_search.py,76,35,60,5,0,15,1
build/lib/datachain/namespace.py,87,59,61,0,8,15,3
src/datachain/namespace.py,87,59,61,0,8,15,3
tests/test_import_time.py,84,37,61,5,5,13,5
src/datachain/func/aggregate.py,467,62,62,1,302,102,1
build/lib/datachain/model/ultralytics/segment.py,95,64,64,0,18,13,0
src/datachain/lib/convert/unflatten.py,86,59,64,0,4,17,1
src/datachain/model/ultralytics/segment.py,95,64,64,0,18,13,0
tests/func/test_model_store_rebuild.py,83,51,64,1,0,19,0
build/lib/datachain/client/hf.py,103,52,65,7,8,25,5
src/datachain/client/hf.py,103,52,65,7,8,25,5
tests/func/test_toolkit.py,81,31,65,0,0,16,0
build/lib/datachain/func/string.py,262,57,66,0,144,52,0
src/datachain/func/string.py,262,57,66,0,144,52,0
build/lib/datachain/client/fileslice.py,106,74,67,0,11,24,4
build/lib/datachain/model/pose.py,100,57,67,0,17,16,0
src/datachain/client/fileslice.py,106,74,67,0,11,24,4
src/datachain/model/pose.py,100,57,67,0,17,16,0
tests/func/test_meta_formats.py,85,30,67,1,0,18,0
tests/func/test_studio_datetime_parsing.py,107,59,67,7,0,26,14
examples/get_started/torch-loader.py,96,47,68,5,4,19,5
tests/unit/test_cli_parsing.py,97,60,68,0,0,29,0
tests/unit/test_pytorch.py,88,56,68,1,0,19,1
tests/func/test_to_json.py,91,58,70,0,0,21,0
build/lib/datachain/func/__init__.py,74,12,72,0,0,2,0
src/datachain/func/__init__.py,74,12,72,0,0,2,0
tests/unit/lib/test_hf.py,95,73,72,3,0,20,3
build/lib/datachain/project.py,89,56,73,0,0,13,3
build/lib/datachain/lib/clip.py,181,54,73,8,78,28,2
src/datachain/project.py,89,56,73,0,0,13,3
src/datachain/lib/clip.py,181,54,73,8,78,28,2
tests/unit/test_skill_jobs_scripts.py,135,67,73,19,0,42,20
tests/examples/test_examples.py,93,52,74,3,0,19,0
build/lib/datachain/func/numeric.py,225,55,76,0,108,41,0
src/datachain/func/numeric.py,225,55,76,0,108,41,0
build/lib/datachain/lib/dc/csv.py,124,46,77,1,33,14,0
build/lib/datachain/skill/knowledge/scripts/schema.py,110,82,77,4,7,20,6
src/datachain/lib/dc/csv.py,124,46,77,1,33,14,0
src/datachain/skill/knowledge/scripts/schema.py,110,82,77,4,7,20,6
tests/func/test_audio.py,116,67,77,16,0,25,14
tests/unit/model/test_utils.py,92,16,77,7,0,8,7
examples/incremental_processing/retry.py,130,50,80,14,15,23,12
build/lib/datachain/skill/knowledge/scripts/changes.py,108,62,81,2,7,16,4
src/datachain/skill/knowledge/scripts/changes.py,108,62,81,2,7,16,4
build/lib/datachain/model/ultralytics/pose.py,117,83,82,0,18,16,1
src/datachain/model/ultralytics/pose.py,117,83,82,0,18,16,1
tests/unit/test_module_exports.py,96,30,82,6,0,10,4
build/lib/datachain/cli/parser/utils.py,105,35,84,1,0,20,1
build/lib/datachain/data_storage/serializer.py,119,71,84,4,5,23,7
build/lib/datachain/lib/dc/listings.py,151,59,84,5,33,29,5
src/datachain/cli/parser/utils.py,105,35,84,1,0,20,1
src/datachain/data_storage/serializer.py,119,71,84,4,5,23,7
src/datachain/lib/convert/flatten.py,130,87,84,2,13,29,4
src/datachain/lib/dc/listings.py,151,59,84,5,33,29,5
tests/unit/test_data_storage.py,102,42,84,5,0,16,2
build/lib/datachain/script_meta.py,147,69,85,3,43,16,3
build/lib/datachain/skill/knowledge/scripts/bucket_overview.py,122,83,85,0,11,26,0
src/datachain/script_meta.py,147,69,85,3,43,16,3
src/datachain/skill/knowledge/scripts/bucket_overview.py,122,83,85,0,11,26,0
noxfile.py,116,57,86,6,0,23,7
tests/unit/test_client_hf.py,107,56,86,0,0,21,0
tests/unit/test_sqlite_add_column.py,123,70,87,1,0,35,1
extract_metrics_before_pylint.py,112,65,88,10,0,16,8
build/lib/datachain/lib/convert/python_to_sql.py,113,67,88,7,0,22,3
tests/data.py,96,6,88,4,0,4,4
build/lib/datachain/data_storage/db_engine.py,146,98,89,2,23,31,3
src/datachain/data_storage/db_engine.py,146,98,89,2,23,31,3
tests/func/functions/test_path.py,106,21,89,0,0,17,0
build/lib/datachain/query/batch.py,139,76,90,2,13,32,4
src/datachain/query/batch.py,139,76,90,2,13,32,4
tests/examples/test_wds_e2e.py,131,80,90,5,9,28,4
tests/scripts/concurrent_save.py,107,52,90,1,0,17,0
tests/unit/test_udf_subprocess_exit_codes.py,130,82,90,0,0,40,0
build/lib/datachain/hash_utils.py,219,93,91,29,68,32,28
src/datachain/hash_utils.py,219,93,91,29,68,32,28
tests/func/test_image.py,139,88,91,4,4,38,6
tests/unit/test_database_engine.py,114,67,91,2,0,21,2
build/lib/datachain/job.py,107,65,92,1,0,15,0
build/lib/datachain/model/bbox.py,255,86,92,0,111,51,1
src/datachain/job.py,107,65,92,1,0,15,0
src/datachain/model/bbox.py,255,86,92,0,111,51,1
tests/func/test_read_dataset_version_specifiers.py,126,45,92,0,3,26,5
tests/unit/test_cache.py,125,84,92,0,0,33,0
build/lib/datachain/func/conditional.py,319,88,93,4,152,70,4
examples/multimodal/hf_pipeline.py,121,48,94,2,6,20,1
build/lib/datachain/lib/model_store.py,138,94,96,15,5,23,14
build/lib/datachain/model/ultralytics/bbox.py,151,96,96,0,32,23,0
src/datachain/lib/model_store.py,138,94,96,15,5,23,14
src/datachain/model/ultralytics/bbox.py,151,96,96,0,32,23,0
tests/func/test_to_csv.py,136,94,96,0,0,40,0
tests/unit/lib/test_namespace.py,137,83,97,1,0,39,1
build/lib/datachain/cli/parser/skill.py,103,22,98,0,0,5,0
src/datachain/cli/parser/skill.py,103,22,98,0,0,5,0
build/lib/datachain/checkpoint_event.py,123,76,99,1,3,19,2
src/datachain/checkpoint_event.py,123,76,99,1,3,19,2
src/datachain/lib/convert/python_to_sql.py,130,78,99,9,0,26,5
build/lib/datachain/config.py,133,95,101,5,0,29,3
src/datachain/config.py,133,95,101,5,0,29,3
tests/func/test_datachain_merge.py,131,62,101,3,4,25,1
tests/unit/test_script_meta.py,119,22,101,0,0,18,0
tests/unit/lib/test_feature_utils.py,167,106,101,7,0,59,7
tests/unit/lib/test_datachain_bootstrap.py,139,83,102,1,0,37,0
build/lib/datachain/lib/dataset_info.py,118,88,103,2,0,14,1
src/datachain/lib/dataset_info.py,118,88,103,2,0,14,1
tests/func/test_hf.py,137,86,104,2,4,27,2
tests/unit/sql/test_types.py,132,40,105,0,0,27,0
tests/unit/test_json.py,145,94,106,1,0,39,0
build/lib/datachain/__init__.py,110,14,107,0,0,3,0
src/datachain/__init__.py,110,14,107,0,0,3,0
build/lib/datachain/catalog/dependency.py,164,74,108,4,27,25,4
tests/func/checkpoints/test_checkpoint_parallel.py,171,85,108,16,6,40,17
build/lib/datachain/nodes_thread_pool.py,135,93,109,5,0,22,4
src/datachain/nodes_thread_pool.py,135,93,109,5,0,22,4
build/lib/datachain/catalog/loader.py,157,90,111,8,10,28,8
src/datachain/catalog/loader.py,157,90,111,8,10,28,8
src/datachain/catalog/dependency.py,171,78,113,4,27,27,4
tests/test_job_management_e2e.py,158,66,113,10,10,26,9
tests/func/test_pytorch.py,146,88,113,10,0,25,8
tests/unit/lib/test_webdataset.py,152,73,113,0,0,39,0
tests/func/functions/test_numeric.py,126,24,114,0,0,12,0
build/lib/datachain/lib/dc/records.py,231,86,117,6,69,40,5
src/datachain/lib/dc/records.py,231,86,117,6,69,40,5
build/lib/datachain/lib/dc/utils.py,189,104,120,4,12,45,12
src/datachain/lib/dc/utils.py,189,104,120,4,12,45,12
tests/unit/test_semver.py,135,32,120,0,0,15,0
tests/func/checkpoints/test_checkpoint_job_linking.py,193,103,121,21,8,45,19
tests/unit/test_job_management.py,189,112,124,10,0,51,14
tests/unit/test_client_http.py,184,127,125,9,0,52,7
build/lib/datachain/cli/parser/studio.py,145,30,126,4,0,17,2
src/datachain/cli/parser/studio.py,145,30,126,4,0,17,2
tests/unit/test_config.py,174,67,126,15,0,35,13
tests/func/test_warehouse.py,169,70,127,6,0,36,6
build/lib/datachain/json.py,190,102,129,2,7,47,7
build/lib/datachain/lib/data_model.py,173,97,129,5,7,29,8
src/datachain/json.py,190,102,129,2,7,47,7
tests/unit/test_session.py,193,117,136,8,0,49,8
build/lib/datachain/client/http.py,182,116,137,4,4,36,5
src/datachain/client/http.py,182,116,137,4,4,36,5
tests/unit/lib/test_zarr.py,206,132,137,5,0,67,2
build/lib/datachain/client/azure.py,166,80,139,10,3,14,10
build/lib/datachain/model/utils.py,191,66,139,0,26,21,5
src/datachain/client/azure.py,166,80,139,10,3,14,10
src/datachain/model/utils.py,191,66,139,0,26,21,5
tests/unit/test_client_gcs.py,184,90,139,7,0,39,6
tests/unit/test_catalog_loader.py,170,112,142,0,0,28,0
tests/unit/test_batch_size.py,254,156,143,19,0,75,36
tests/unit/test_warehouse.py,179,101,144,6,0,31,4
build/lib/datachain/cache.py,190,115,145,4,7,35,3
src/datachain/cache.py,190,115,145,4,7,35,3
build/lib/datachain/cli/commands/ls.py,171,115,146,5,0,23,2
src/datachain/cli/commands/ls.py,171,115,146,5,0,23,2
tests/unit/lib/test_storage_pattern.py,187,59,146,4,0,37,4
build/lib/datachain/lib/settings.py,179,113,147,0,0,31,1
tests/unit/lib/test_buffer.py,206,128,147,0,0,59,0
extract_metrics_before_radon.py,180,124,148,7,0,25,7
tests/func/test_read_database.py,192,108,148,3,4,37,3
tests/unit/lib/test_udf_signature.py,228,165,148,0,0,80,0
tests/unit/model/test_pose.py,163,48,148,0,0,15,0
build/lib/datachain/node.py,203,130,149,1,16,38,0
build/lib/datachain/lib/zarr.py,257,154,149,14,40,48,20
build/lib/datachain/lib/convert/values_to_tuples.py,217,122,149,30,5,45,18
src/datachain/node.py,203,130,149,1,16,38,0
src/datachain/lib/zarr.py,257,154,149,14,40,48,20
tests/examples/wds_data.py,155,4,149,4,0,2,4
build/lib/datachain/func/array.py,428,119,152,3,200,74,2
src/datachain/func/array.py,428,119,152,3,200,74,2
src/datachain/lib/convert/values_to_tuples.py,219,125,152,30,5,45,17
tests/test_atomicity.py,196,90,155,7,0,34,7
tests/unit/test_serializer.py,218,136,157,11,0,50,11
tests/unit/test_batch_size_udf.py,246,100,160,13,0,62,24
build/lib/datachain/lib/dc/storage_pattern.py,253,174,162,9,17,62,12
src/datachain/lib/dc/storage_pattern.py,253,174,162,9,17,62,12
build/lib/datachain/client/local.py,233,121,164,14,14,41,14
src/datachain/client/local.py,233,121,164,14,14,41,14
build/lib/datachain/lib/hf.py,212,139,165,11,15,31,1
build/lib/datachain/lib/listing.py,307,157,165,26,54,65,23
src/datachain/lib/hf.py,212,139,165,11,15,31,1
src/datachain/lib/listing.py,307,157,165,26,54,65,23
tests/unit/test_metastore.py,222,130,165,9,0,48,9
tests/unit/lib/test_subtract.py,225,104,165,2,0,58,2
build/lib/datachain/lib/audio.py,259,114,166,13,29,50,14
build/lib/datachain/lib/pytorch.py,219,142,166,8,14,31,8
src/datachain/diff/__init__.py,258,102,166,25,44,35,13
src/datachain/lib/audio.py,259,114,166,13,29,50,14
src/datachain/func/conditional.py,415,126,167,4,158,85,5
build/lib/datachain/cli/commands/datasets.py,215,101,168,11,0,36,11
src/datachain/cli/commands/datasets.py,215,101,168,11,0,36,11
tests/func/test_data_storage.py,216,116,168,17,0,31,17
tests/unit/lib/test_project.py,225,116,168,2,0,55,2
tests/unit/sql/test_conditional.py,203,72,168,4,0,31,4
tests/unit/test_batching.py,229,131,170,4,0,54,5
tests/func/functions/test_aggregate.py,202,69,171,2,0,29,2
build/lib/datachain/diff/__init__.py,256,99,174,0,42,40,0
src/datachain/lib/data_model.py,258,146,174,11,27,45,12
build/lib/datachain/skill/knowledge/scripts/dataset.py,217,133,177,20,4,24,12
tests/func/functions/test_conditional.py,206,65,177,1,2,27,0
build/lib/datachain/lib/meta_formats.py,229,138,178,23,4,36,11
src/datachain/lib/meta_formats.py,229,138,178,23,4,36,11
build/lib/datachain/lib/webdataset.py,225,156,179,6,0,42,4
build/lib/datachain/query/schema.py,249,129,179,7,13,49,8
src/datachain/lib/webdataset.py,225,156,179,6,0,42,4
src/datachain/query/schema.py,249,129,179,7,13,49,8
build/lib/datachain/lib/dc/storage.py,329,116,185,27,73,43,28
src/datachain/lib/pytorch.py,246,159,187,8,14,37,8
tests/unit/test_asyn.py,256,185,191,5,4,55,6
build/lib/datachain/cli/parser/pipeline.py,200,39,192,0,0,8,0
src/datachain/cli/parser/pipeline.py,200,39,192,0,0,8,0
tests/unit/sql/test_array.py,222,68,193,11,0,28,1
build/lib/datachain/skill/knowledge/scripts/plan.py,266,146,203,17,0,43,20
build/lib/datachain/cli/parser/job.py,228,48,204,0,0,24,0
src/datachain/cli/parser/job.py,228,48,204,0,0,24,0
src/datachain/skill/knowledge/scripts/plan.py,263,149,204,12,0,44,15
src/datachain/lib/settings.py,238,165,206,1,0,31,1
tests/func/test_listing.py,290,174,206,9,6,65,13
src/datachain/skill/knowledge/scripts/dataset.py,252,143,210,0,4,35,3
tests/func/checkpoints/test_checkpoint_invalidation.py,310,156,210,40,0,75,25
build/lib/datachain/client/s3.py,255,154,212,14,3,27,13
src/datachain/client/s3.py,255,154,212,14,3,27,13
tests/func/functions/test_string.py,236,37,213,2,0,23,0
build/lib/datachain/asyn.py,300,207,216,7,27,50,7
src/datachain/asyn.py,300,207,216,7,27,50,7
tests/unit/model/test_bbox.py,259,95,216,0,0,43,0
build/lib/datachain/lib/utils.py,289,158,217,13,13,45,14
build/lib/datachain/listing.py,247,131,218,2,0,29,0
src/datachain/listing.py,247,131,218,2,0,29,0
tests/func/checkpoints/test_checkpoint_cleanup.py,314,198,218,18,0,77,19
src/datachain/lib/dc/storage.py,339,127,220,1,73,43,3
tests/unit/test_client_azure.py,263,131,221,1,2,39,1
tests/unit/test_client_bucket_status.py,251,90,222,0,0,29,0
build/lib/datachain/lib/dc/datasets.py,462,109,223,17,162,65,12
tests/func/test_local_db_migration.py,337,128,223,27,24,67,23
tests/func/test_mutate.py,295,153,223,6,0,69,3
tests/unit/lib/test_arrow.py,278,149,225,0,0,53,0
build/lib/datachain/lib/udf_signature.py,256,129,226,5,0,28,2
src/datachain/lib/udf_signature.py,256,129,226,5,0,28,2
tests/test_query_e2e.py,267,110,228,9,0,30,9
build/lib/datachain/client/gcs.py,277,160,229,16,9,27,12
src/datachain/client/gcs.py,277,160,229,16,9,27,12
build/lib/datachain/cli/commands/skill.py,287,166,231,12,6,41,9
tests/unit/lib/test_udf.py,324,147,231,31,0,66,27
src/datachain/lib/dc/datasets.py,466,112,235,5,162,68,1
src/datachain/data_storage/schema.py,331,146,239,4,28,60,4
build/lib/datachain/data_storage/schema.py,332,143,240,4,28,60,4
build/lib/datachain/lib/arrow.py,314,177,240,15,16,51,7
tests/func/test_storage_pattern.py,317,159,240,5,0,74,3
tests/unit/lib/test_audio.py,331,202,240,4,0,91,0
tests/unit/test_listing.py,321,158,242,20,0,66,13
tests/unit/test_select.py,335,174,245,2,0,88,2
tests/test_cli_e2e.py,269,61,246,2,0,18,5
tests/utils.py,357,195,248,22,20,65,24
build/lib/datachain/lib/dc/database.py,394,189,257,16,65,61,11
src/datachain/lib/dc/database.py,394,189,257,16,65,61,11
tests/unit/test_hash_utils.py,350,150,261,14,0,71,18
src/datachain/lib/utils.py,352,175,264,12,13,61,14
tests/unit/test_dataset_status_management.py,413,200,264,44,4,89,56
src/datachain/lib/arrow.py,352,200,266,15,21,57,8
tests/unit/lib/test_optional.py,393,260,267,26,18,90,18
build/lib/datachain/skill/knowledge/scripts/utils.py,428,267,268,19,58,75,27
src/datachain/skill/knowledge/scripts/utils.py,428,267,268,19,58,75,27
tests/unit/lib/test_feature.py,377,294,273,4,0,102,2
build/lib/datachain/query/session.py,408,221,274,24,48,64,22
src/datachain/query/session.py,408,221,274,24,48,64,22
tests/func/test_file.py,414,245,274,25,20,98,22
tests/func/checkpoints/test_checkpoint_events.py,365,224,277,0,0,88,0
build/lib/datachain/skill/knowledge/scripts/dataset_all.py,341,205,279,25,4,40,18
tests/func/test_ls.py,334,131,279,4,0,51,4
build/lib/datachain/skill/knowledge/scripts/render_index.py,385,237,286,8,24,62,13
src/datachain/skill/knowledge/scripts/render_index.py,385,237,286,8,24,62,13
src/datachain/skill/knowledge/scripts/dataset_all.py,348,203,287,12,4,46,11
tests/func/test_to_storage.py,359,176,287,1,2,70,0
tests/unit/lib/test_utils.py,387,159,287,30,4,89,7
tests/func/test_feature_pickling.py,362,191,288,13,0,66,8
build/lib/datachain/skill/jobs/scripts/jobs.py,377,201,292,20,7,56,22
src/datachain/cli/commands/skill.py,358,194,292,11,6,53,7
tests/unit/test_datachain_hash.py,382,198,294,2,12,73,3
build/lib/datachain/cli/__init__.py,361,137,296,8,0,59,6
src/datachain/cli/__init__.py,361,137,296,8,0,59,6
tests/unit/lib/test_settings.py,472,242,300,71,0,109,63
src/datachain/skill/jobs/scripts/jobs.py,388,218,301,8,7,63,17
tests/unit/test_cli_skill.py,492,268,302,45,2,133,55
tests/func/test_retrieval.py,459,295,303,30,10,99,47
tests/func/functions/test_cast.py,365,61,316,1,0,49,0
tests/unit/sql/sqlite/test_types.py,383,108,319,0,0,64,0
tests/unit/test_client_local.py,455,231,324,21,6,117,8
tests/func/test_retry.py,470,171,327,49,8,86,49
build/lib/datachain/delta.py,462,162,352,14,24,71,15
src/datachain/delta.py,462,162,352,14,24,71,15
tests/unit/test_query_steps_hash.py,461,163,366,3,4,85,6
tests/unit/test_signal_schema_partials.py,557,434,371,11,0,164,22
build/lib/datachain/client/fsspec.py,514,353,382,16,32,82,18
src/datachain/client/fsspec.py,514,353,382,16,32,82,18
build/lib/datachain/query/dispatch.py,468,294,396,17,0,60,12
tests/unit/lib/test_datachain_merge.py,536,315,405,9,0,122,9
src/datachain/query/dispatch.py,487,310,418,10,0,61,8
build/lib/datachain/skill/knowledge/scripts/bucket_scan.py,559,322,419,33,13,102,25
src/datachain/skill/knowledge/scripts/bucket_scan.py,559,322,419,33,13,102,25
tests/unit/test_dataset.py,492,175,419,8,0,71,2
build/lib/datachain/lib/udf.py,617,322,436,17,54,104,23
src/datachain/lib/udf.py,642,334,457,21,54,104,27
build/lib/datachain/remote/studio.py,566,277,460,18,20,78,8
src/datachain/remote/studio.py,566,277,460,18,20,78,8
build/lib/datachain/lib/video.py,611,307,461,1,43,105,2
src/datachain/lib/video.py,611,307,461,1,43,105,2
build/lib/datachain/utils.py,673,402,484,26,37,130,22
src/datachain/utils.py,673,402,484,26,37,130,22
build/lib/datachain/sql/types.py,712,463,494,8,10,201,7
tests/unit/test_utils.py,639,285,497,12,0,122,20
tests/func/test_client.py,623,289,498,11,0,123,2
build/lib/datachain/skill/knowledge/scripts/summary.py,714,432,500,38,18,145,51
src/datachain/skill/knowledge/scripts/summary.py,716,432,502,38,18,145,51
tests/unit/lib/test_diff.py,617,191,506,4,0,109,2
tests/func/functions/test_array.py,546,81,507,33,0,33,6
build/lib/datachain/sql/sqlite/base.py,750,432,515,19,23,189,23
src/datachain/sql/types.py,746,492,521,9,10,206,9
build/lib/datachain/func/func.py,672,344,529,11,39,95,9
build/lib/datachain/cli/parser/__init__.py,561,128,530,4,0,30,1
src/datachain/sql/sqlite/base.py,795,448,548,22,25,197,25
src/datachain/cli/parser/__init__.py,649,183,585,2,0,64,0
src/datachain/func/func.py,774,412,599,17,50,110,15
tests/func/test_catalog.py,775,443,603,20,0,152,20
tests/unit/lib/test_partition_by.py,810,315,613,76,0,148,49
tests/func/checkpoints/test_checkpoint_workflows.py,906,483,625,64,21,198,62
tests/func/checkpoints/test_checkpoint_recovery.py,1024,509,659,93,48,237,80
tests/func/test_pull.py,799,261,674,8,3,115,7
build/lib/datachain/studio.py,895,483,712,14,0,174,9
tests/unit/lib/test_file.py,954,502,714,29,0,227,13
tests/func/test_datasets.py,907,422,719,18,0,173,15
build/lib/datachain/data_storage/sqlite.py,998,527,723,38,71,156,48
src/datachain/data_storage/sqlite.py,998,527,723,38,71,156,48
src/datachain/studio.py,930,498,745,4,0,182,3
tests/func/test_to_database.py,1038,504,760,77,18,206,54
build/lib/datachain/dataset.py,998,518,765,27,80,130,23
src/datachain/dataset.py,998,518,765,27,80,130,23
tests/unit/test_skill_knowledge_scripts.py,1078,696,798,43,0,242,38
build/lib/datachain/data_storage/warehouse.py,1195,579,838,35,144,159,54
src/datachain/data_storage/warehouse.py,1195,579,838,35,144,159,54
tests/func/test_video.py,1149,641,870,2,0,278,1
tests/func/test_udf.py,1192,531,910,53,23,212,47
tests/func/test_read_dataset_remote.py,1117,369,926,19,11,161,19
build/lib/datachain/lib/file.py,1805,808,934,42,497,322,52
src/datachain/lib/file.py,1806,809,935,42,497,322,52
tests/unit/test_func.py,1235,646,943,7,0,292,0
tests/func/test_metastore.py,1184,539,965,33,0,187,32
tests/conftest.py,1328,589,1039,43,32,212,45
tests/func/test_optional.py,1493,779,1055,47,140,269,29
tests/func/test_dataset_query.py,1267,551,1077,16,0,178,12
build/lib/datachain/lib/signal_schema.py,1443,843,1114,35,83,224,22
tests/func/test_delta.py,1396,511,1125,41,0,234,37
tests/unit/lib/test_signal_schema.py,1509,738,1201,27,0,292,16
src/datachain/lib/signal_schema.py,1609,912,1228,68,107,226,48
tests/test_cli_studio.py,1594,762,1271,29,0,307,16
tests/func/test_datachain.py,1709,770,1402,30,0,283,24
build/lib/datachain/lib/dc/datachain.py,3108,973,1555,77,1030,442,81
src/datachain/lib/dc/datachain.py,3314,1065,1741,69,1042,458,73
src/datachain/catalog/catalog.py,2244,954,1835,76,95,251,63
build/lib/datachain/catalog/catalog.py,2323,968,1925,51,95,258,45
build/lib/datachain/data_storage/metastore.py,2959,1103,2261,134,157,377,164
src/datachain/data_storage/metastore.py,2971,1103,2273,134,157,377,164
tests/func/model/test_yolo.py,2508,167,2458,0,0,50,0
build/lib/datachain/query/dataset.py,3485,1652,2560,158,254,511,160
src/datachain/query/dataset.py,3680,1754,2727,140,258,553,142
tests/unit/lib/test_datachain.py,5442,2618,4192,198,0,1061,189
TOTAL,164063,77811,118156,5325,12452,28444,5011
